dataset,model,seed,emul_Pearson_r,emul_Spearman_r,emul_MAE_to_teacher,emul_RMSE_to_teacher,emul_KL_teacher_to_model,emul_JS_distance,emul_spectral_distance,emul_autocorr_distance,observable_MSE,observable_Pearson_r
Energy,CeNN_NS,42,0.9748342037200928,0.9728577153192265,1109.3309326171875,1564.7911376953125,0.05044544739366604,0.04792438908408696,0.210010826587677,0.048823684000758184,0.009064065292477608,0.983536958694458
Energy,CeNN_Emulator,42,0.9802570343017578,0.9785130875488864,939.3866577148438,1378.4334716796875,0.028964606298244867,0.034549004125517084,0.2067120373249054,0.04232628926892039,0.006043175235390663,0.9890323877334595
Energy,CeNN_NS,123,0.9790273904800415,0.9770981210081583,978.8797607421875,1428.2757568359375,0.057619710237764146,0.04291310889439895,0.20607943832874298,0.017010569733905388,0.007301727309823036,0.9868364334106445
Energy,CeNN_Emulator,123,0.9802791476249695,0.9787437560104749,955.118896484375,1391.0819091796875,0.046216763131875116,0.039946872511396905,0.20378875732421875,0.029738641914243382,0.006924928165972233,0.9875208735466003
Energy,CeNN_NS,2024,0.976897656917572,0.9766933315605069,1032.7659912109375,1517.7716064453125,0.05229176342967284,0.04168704578524855,0.20716321468353271,0.07520358279108771,0.007197465747594833,0.9860110282897949
Energy,CeNN_Emulator,2024,0.9799895286560059,0.9790152844670175,966.8856811523438,1427.634765625,0.021508638872305193,0.036635198549859596,0.19660714268684387,0.05271755340124475,0.00607686210423708,0.988197922706604
Energy,CeNN_NS,7,0.9750798940658569,0.9747503561215269,1036.7506103515625,1561.8594970703125,0.05961329214796512,0.04065336648316089,0.18624138832092285,0.11629836833421926,0.007297509349882603,0.9864933490753174
Energy,CeNN_Emulator,7,0.9771655797958374,0.9774978709284763,972.2171020507812,1502.192138671875,0.07337505868866595,0.0475496389685992,0.17391344904899597,0.07575386328247849,0.006490306928753853,0.9880146980285645
Energy,CeNN_NS,99,0.9719817638397217,0.9736430413665796,1073.7908935546875,1676.481201171875,0.054365107814941055,0.04608272381877761,0.18442578613758087,0.10472388324549753,0.007151635363698006,0.9870352745056152
Energy,CeNN_Emulator,99,0.9744940996170044,0.9763580212918326,997.4995727539062,1601.973388671875,0.04547329931781831,0.04116285796774273,0.1679256558418274,0.01897884892915671,0.005302699748426676,0.9904046058654785
AAPL,CeNN_NS,42,0.08520472794771194,0.09272991623407838,0.019498303532600403,0.02730690687894821,14.590575487215808,0.6384339051276229,0.6937436461448669,0.2957829829721669,0.14314331114292145,0.6855522394180298
AAPL,CeNN_Emulator,42,0.08323083817958832,0.08168552752146738,0.019527411088347435,0.027313103899359703,14.599378710408004,0.6371489597631831,0.7011784911155701,0.35059913271912646,0.14433208107948303,0.6826592683792114
AAPL,CeNN_NS,123,0.07612787932157516,0.08227665921836358,0.019539725035429,0.027210038155317307,16.68280066638583,0.6351449251452854,0.7049297094345093,0.29892013758626856,0.14654138684272766,0.6781479120254517
AAPL,CeNN_Emulator,123,0.07894694060087204,0.08401003568624936,0.01953526958823204,0.02720547467470169,15.001146227415376,0.6429464935960237,0.7026309967041016,0.29694167310866976,0.1479734182357788,0.6742403507232666
AAPL,CeNN_NS,2024,0.06745029985904694,0.06702913295787237,0.01986110582947731,0.027483653277158737,16.171758786585833,0.6511041393592507,0.6972166299819946,0.2398772060434775,0.15587851405143738,0.6746614575386047
AAPL,CeNN_Emulator,2024,0.06978574395179749,0.07654514101145692,0.01984252966940403,0.02747899666428566,14.710053220143319,0.6421030651809508,0.7024059295654297,0.3632513954815304,0.14317598938941956,0.7045117616653442
AAPL,CeNN_NS,7,0.05470920726656914,0.059804920435928055,0.01981445774435997,0.027760222554206848,15.191911162682867,0.6353933255016693,0.7038668394088745,0.2358361677216128,0.14879882335662842,0.684144139289856
AAPL,CeNN_Emulator,7,0.06383029371500015,0.06586286529491216,0.01979812979698181,0.027744563296437263,15.109522342645198,0.6267436457051324,0.744945764541626,0.3551892297986064,0.13827547430992126,0.7078043222427368
AAPL,CeNN_NS,99,0.05427137389779091,0.0551473711976549,0.019450195133686066,0.02733348309993744,15.171146921644516,0.6312277038375957,0.7016531825065613,0.2851587437799277,0.14917628467082977,0.6778184175491333
AAPL,CeNN_Emulator,99,0.04710925742983818,0.05484040529722388,0.01947074569761753,0.027344750240445137,15.157264316656834,0.6356916467189493,0.7150872945785522,0.28085596890510106,0.15415364503860474,0.6671050190925598
Jena,CeNN_NS,42,0.610629141330719,0.7943258115847102,1.967877984046936,4.429747581481934,1.4368228774815657,0.17457554306437403,0.9135832786560059,2.3835194392137677,0.0029240634758025408,0.9941338300704956
Jena,CeNN_Emulator,42,0.6209278702735901,0.7980900199717567,1.9679136276245117,4.393434524536133,1.4498152045951564,0.18185827724543777,0.9035654664039612,2.3659283455886047,0.0014206141931936145,0.9971507787704468
Jena,CeNN_NS,123,0.4170793294906616,0.6269967328744236,4.110855579376221,8.371760368347168,2.8139297551847466,0.2534471662471122,1.0053045749664307,1.8453837858289441,0.0015603704378008842,0.9971859455108643
Jena,CeNN_Emulator,123,0.41946911811828613,0.6264173747832524,4.073525905609131,8.365662574768066,2.8179368151315956,0.2575058989591754,0.977027952671051,1.8396965124377687,0.00409559765830636,0.9922295212745667
Jena,CeNN_NS,2024,0.6552367210388184,0.7993482658755066,1.8951354026794434,3.9139089584350586,1.2237210685618565,0.18389592598996082,0.8005764484405518,1.3288331786261827,0.0019312823424115777,0.9956128597259521
Jena,CeNN_Emulator,2024,0.660240888595581,0.8036958806851524,1.9162817001342773,3.910633087158203,0.9417003157096773,0.18169136567924912,0.7852085828781128,1.3263323937992277,0.0012881738366559148,0.9970781803131104
Jena,CeNN_NS,7,0.5372387170791626,0.7307680060724316,2.506725549697876,5.382623195648193,1.7312364291193965,0.19115368115052314,0.8459984064102173,2.018340456056251,0.0014968957984820008,0.9971408843994141
Jena,CeNN_Emulator,7,0.5384113788604736,0.7344300404852063,2.546942710876465,5.394872188568115,1.2826888837568287,0.1939280699208591,0.8562867045402527,2.0336149916989767,0.0016912749269977212,0.9967855215072632
Jena,CeNN_NS,99,0.2552763819694519,0.4603675750558648,6.372802734375,12.856338500976562,3.4513290241558057,0.32717728255964357,0.9943519830703735,2.4701401908004783,0.003842536360025406,0.9929816722869873
Jena,CeNN_Emulator,99,0.25306689739227295,0.45579466121082685,6.630557060241699,12.939056396484375,3.46594106092537,0.3447293734647686,1.010096549987793,2.490130816480856,0.005057608243077993,0.9908138513565063
ETTh1,CeNN_NS,42,0.9686056971549988,0.968832663505702,0.497325599193573,0.653010368347168,0.01917111693152316,0.06641205687931818,0.2059250771999359,0.1118572271691047,0.004031853284686804,0.9922100901603699
ETTh1,CeNN_Emulator,42,0.978951096534729,0.9806307677023107,0.40706127882003784,0.541343092918396,0.017824412977702167,0.058901293900048245,0.1718813180923462,0.07438919486121895,0.0018341809045523405,0.9964388012886047
ETTh1,CeNN_NS,123,0.9739250540733337,0.973709270313822,0.5711010694503784,0.7174709439277649,0.027213030652294846,0.08232127445593841,0.18064190447330475,0.06952383582322316,0.0035888170823454857,0.9940972924232483
ETTh1,CeNN_Emulator,123,0.9747567176818848,0.9743781906556542,0.4266642928123474,0.5753794312477112,0.01212530399192396,0.053405165957286845,0.2158280909061432,0.13379263627099117,0.0021102451719343662,0.9963613748550415
ETTh1,CeNN_NS,2024,0.9716542959213257,0.9722544453863643,0.5996690392494202,0.7389549016952515,0.03448897676979046,0.09219952392752999,0.18619093298912048,0.11676212517505397,0.0051761046051979065,0.9875624179840088
ETTh1,CeNN_Emulator,2024,0.9729868173599243,0.973501976036053,0.5442653894424438,0.6863195300102234,0.024731133444390832,0.07807318614798683,0.18043926358222961,0.10292441987113324,0.003618223126977682,0.9912927150726318
ETTh1,CeNN_NS,7,0.9733561873435974,0.9735346304483031,0.5313244462013245,0.6736493706703186,0.02503528893792781,0.07703750172159866,0.19462236762046814,0.04935416575811981,0.004408934619277716,0.9913492798805237
ETTh1,CeNN_Emulator,7,0.9718720316886902,0.9716492791157557,0.6773067116737366,0.8140827417373657,0.046003775121732635,0.106518140481862,0.19589340686798096,0.0222251300306116,0.0036692777648568153,0.9927730560302734
ETTh1,CeNN_NS,99,0.9738454818725586,0.9760477458587932,0.5295618772506714,0.6735233664512634,0.025337464647001103,0.07811805856703401,0.1841229796409607,0.10624150332218638,0.0028447790537029505,0.9949474334716797
ETTh1,CeNN_Emulator,99,0.9767554402351379,0.9778128858926587,0.44066983461380005,0.5791998505592346,0.015064359672894765,0.060737187043300576,0.16388821601867676,0.09694542336650681,0.0018417614046484232,0.9967473745346069
ETTm2,CeNN_NS,42,0.2982567250728607,0.39104513872840285,21.49904441833496,40.406776428222656,7.35958793693238,0.4480772388620212,0.9276857972145081,1.0300160433962884,0.02528107725083828,0.9577018022537231
ETTm2,CeNN_Emulator,42,0.3313242495059967,0.4067226947164389,21.497455596923828,40.2025260925293,7.261272275603169,0.4467633634942779,0.9521834254264832,1.0479279036938913,0.027673371136188507,0.9542269110679626
ETTm2,CeNN_NS,123,-0.0213569737970829,0.006784397948192027,528.107421875,1214.1597900390625,11.898853246925203,0.46717007647758363,1.156870722770691,2.635843739274807,0.042416881769895554,0.9024925827980042
ETTm2,CeNN_Emulator,123,0.209031343460083,0.2324754402021172,527.3047485351562,1212.602783203125,11.898853246925203,0.46717007647758363,1.121099829673767,0.6678333377166905,0.07923029363155365,0.8044085502624512
ETTm2,CeNN_NS,2024,0.04621491581201553,0.32797314387953563,8.400705337524414,17.74129867553711,4.441948241054314,0.304213471201407,0.6292503476142883,1.9950302744934139,0.042176902294158936,0.9155011177062988
ETTm2,CeNN_Emulator,2024,0.06182645633816719,0.3300638351186194,8.510784149169922,17.963834762573242,3.3621799022651264,0.30366810711343384,0.5926994681358337,1.972643494468554,0.03567749634385109,0.9291022419929504
ETTm2,CeNN_NS,7,0.0463714599609375,0.23158901151714292,24.827062606811523,65.06953430175781,6.505595921145037,0.3424684126986981,0.8272576928138733,1.7171218370984676,0.04965228959918022,0.9188966155052185
ETTm2,CeNN_Emulator,7,0.05983357131481171,0.24589969110039964,24.836524963378906,65.0781478881836,6.5417359870605765,0.3564681073480861,0.8390557765960693,1.5343786656366905,0.05233374983072281,0.9137635231018066
ETTm2,CeNN_NS,99,0.1991921216249466,0.388825171325007,16.424381256103516,36.392635345458984,6.055388759708909,0.36394625452412777,0.93509840965271,0.7028029857021079,0.02799026481807232,0.9465987682342529
ETTm2,CeNN_Emulator,99,0.15841740369796753,0.3695084968033287,16.530946731567383,36.68394470214844,7.190018910904897,0.3740939651064143,0.9542842507362366,0.7562862730253866,0.028937146067619324,0.9433200359344482
ExchangeRate,CeNN_NS,42,0.34531089663505554,0.4069697815068638,0.13124793767929077,0.23678120970726013,5.884659822347798,0.38226002827073596,0.8047997355461121,2.7035816310177485,0.027872925624251366,0.9560773372650146
ExchangeRate,CeNN_Emulator,42,0.33975738286972046,0.4011901524292454,0.13192783296108246,0.23714052140712738,5.824258556721901,0.3903187821433299,0.8463340401649475,2.7038497246776605,0.03891042619943619,0.9390716552734375
ExchangeRate,CeNN_NS,123,0.5196874141693115,0.5837566949707557,0.1492169201374054,0.2722877562046051,7.5192443542320095,0.41749207297023416,0.7221089601516724,1.8215050949499105,0.02525409124791622,0.9436628818511963
ExchangeRate,CeNN_Emulator,123,0.5110174417495728,0.5826987621299015,0.15020301938056946,0.27456367015838623,7.539214105807331,0.41789617639060733,0.7412763833999634,1.8203267360942788,0.025159070268273354,0.9438999891281128
ExchangeRate,CeNN_NS,2024,-0.16656121611595154,-0.12301328418348591,1.9870221614837646,3.9187214374542236,14.943247536237617,0.5352745539776205,1.226621150970459,1.0449152168572704,0.17950472235679626,0.7392688393592834
ExchangeRate,CeNN_Emulator,2024,-0.1433820128440857,-0.14780098354797788,1.9886517524719238,3.9212419986724854,14.943247536237617,0.5352745539776205,1.188392162322998,0.6260805557434113,0.13458435237407684,0.7957944273948669
ExchangeRate,CeNN_NS,7,0.3014126718044281,0.3840343051757711,0.3622465133666992,0.8779157400131226,5.751621667272991,0.416994866577988,0.9245622754096985,4.646547049025882,0.037610042840242386,0.9455233812332153
ExchangeRate,CeNN_Emulator,7,0.3011477589607239,0.39560199065861645,0.36197370290756226,0.8786595463752747,6.8550828929321765,0.4070874277040683,0.867536723613739,4.642441388314904,0.03400105610489845,0.9506134986877441
ExchangeRate,CeNN_NS,99,-0.15563762187957764,0.018585179459779663,0.8900926113128662,2.011594295501709,11.683724228983683,0.4618621283591477,0.821668803691864,4.566686192665184,0.07145330309867859,0.8740980625152588
ExchangeRate,CeNN_Emulator,99,-0.12962523102760315,0.06658042740899851,0.8883659243583679,2.0082411766052246,11.683724228983683,0.4618621283591477,0.703127384185791,4.544429080878267,0.057254575192928314,0.8963480591773987
