dataset,model,MAE_mean,MAE_std,MAE_min,MAE_max,RMSE_mean,RMSE_std,RMSE_min,RMSE_max,MSE_mean,MSE_std,MSE_min,MSE_max,R2_mean,R2_std,R2_min,R2_max,MAPE_mean,MAPE_std,MAPE_min,MAPE_max,sMAPE_mean,sMAPE_std,sMAPE_min,sMAPE_max,WAPE_mean,WAPE_std,WAPE_min,WAPE_max,MASE_mean,MASE_std,MASE_min,MASE_max,RMSSE_mean,RMSSE_std,RMSSE_min,RMSSE_max,MdAE_mean,MdAE_std,MdAE_min,MdAE_max,P90AE_mean,P90AE_std,P90AE_min,P90AE_max,MaxAE_mean,MaxAE_std,MaxAE_min,MaxAE_max,Bias_mean,Bias_std,Bias_min,Bias_max,Pearson_mean,Pearson_std,Pearson_min,Pearson_max,Spearman_mean,Spearman_std,Spearman_min,Spearman_max,DirectionalAccuracy_mean,DirectionalAccuracy_std,DirectionalAccuracy_min,DirectionalAccuracy_max,fit_time_sec_mean,fit_time_sec_std,fit_time_sec_min,fit_time_sec_max,inference_ms_per_sample_mean,inference_ms_per_sample_std,inference_ms_per_sample_min,inference_ms_per_sample_max,param_count_mean,param_count_std,param_count_min,param_count_max
AAPL,CeNN_Emulator,0.013261186634828151,1.265439534066129e-05,0.013248593342441013,0.01327508722325295,0.018432613581742877,1.5830833803511278e-05,0.018413582750854574,0.018457178169665397,0.00033976144394609105,5.837290699485834e-07,0.00033906002972256905,0.00034066742598677294,-0.009047622175843362,0.0017335999729268885,-0.011738271866009953,-0.006964512491044905,148.2467785028823,4.196798470642792,142.0805074297816,152.06176960308406,169.2476063866913,0.6558918823085502,168.61826212325795,170.20578780734465,100.61568182200422,0.0960118163107574,100.52013360789584,100.72114879269107,0.7984485516028532,0.0007619139907604373,0.797690316586387,0.7992854981748184,0.8081050610320266,0.00069404031393824,0.8072707294985042,0.8091819982625678,0.009854735940461979,4.6700052610165434e-05,0.009808740258449689,0.009905049693770707,0.028703967179171747,0.00011650442817243446,0.028624640329508115,0.02890657778480091,0.10790749220177531,0.0007364916240563971,0.1070291274227202,0.1088516442105174,-0.0002984049757855554,2.5396763080166596e-05,-0.00032615106470981547,-0.0002648031211437769,0.010960065167813875,0.01116355640080072,-0.006703537532283758,0.02205160505501007,-0.002420866789049102,0.01021498605955072,-0.016098605874773686,0.008263845017549799,0.508994708994709,0.03522593812884469,0.47354497354497355,0.5661375661375662,0.9541966438293457,0.10227862852310034,0.841646671295166,1.1107232570648193,0.0049218929633892405,5.1205588531750266e-05,0.00484406001984127,0.0049840836297898065,46651.0,0.0,46651,46651
AAPL,CeNN_NS,0.013251379764371556,2.034586070264608e-05,0.013227470413589102,0.01327189233213081,0.01842833140741077,1.966435904896741e-05,0.018402917783022724,0.018454419872387592,0.0003396037078109757,7.247908557441251e-07,0.0003386673829286941,0.00034056561282637404,-0.008579166219744305,0.0021525352643587538,-0.011435899924645554,-0.005798402207567888,146.7055850530458,1.308011398926508,145.03577712332026,148.19175115987656,169.22476761409916,0.5318377071736038,168.48652004937625,169.75881015427086,100.54127483379858,0.15436873812452456,100.3598690744844,100.69690841681422,0.7978580854758432,0.0012250127727239674,0.7964185169796215,0.799093135586217,0.8079173260298986,0.0008621060707940518,0.8068031661525664,0.809061071624566,0.009789319572155364,5.9094949826465235e-05,0.009705945602036081,0.00986638234462589,0.02860445307102056,0.00011414011813571428,0.028454538714140658,0.028751378762535782,0.10846438691951335,0.001166472304243925,0.10683589847758412,0.11005090782418847,-0.0003094325643438806,2.841913419690324e-05,-0.00034355433193669654,-0.0002677928548207623,0.01172883430782243,0.011215317506402643,-0.0038508158977207927,0.02717185674687496,-0.001359506231052647,0.014020954171495896,-0.01883106423201591,0.019395563092185892,0.49682539682539684,0.03934601575148828,0.4497354497354497,0.5502645502645502,1.0783974647521972,0.36428874551720963,0.8511383533477783,1.7113854885101318,0.0050462742961903725,0.00010667905010730078,0.004898934137253534,0.005166997354497355,46651.0,0.0,46651,46651
AAPL,LSTM,0.013114412805332414,2.031190292078911e-06,0.013111281451384703,0.013116700296578614,0.018355184684986488,1.7238524558115765e-06,0.01835246064935345,0.01835687754039043,0.0003369128071972964,6.328123769896737e-08,0.0003368128118860668,0.0003369749530328907,-0.0005875388172676743,0.00018793710577305782,-0.0007721039253807405,-0.000290565653235042,116.87460607864821,0.5057503911322369,116.16845155249045,117.54271128720879,176.5028497734591,0.26990744587308274,176.03069216374644,176.69389237489992,99.50207492278788,0.015411109260083345,99.4783166181089,99.51943064650523,0.7896113822905465,0.00012229681938723597,0.7894228452393042,0.7897491108455114,0.8047104972030026,7.5575494914838e-05,0.8045910726313471,0.8047847137547387,0.009634598175762222,2.396445892069904e-05,0.009614851092919707,0.009673702152213082,0.02788756573107094,3.2995617724020405e-05,0.02784754019230605,0.0279270080907736,0.10661520888097584,0.00027830227055170297,0.10630726348608732,0.10691264132037759,-0.0002888580702247648,1.398733755706803e-05,-0.0002998744936182465,-0.00026481515796449284,-0.003926154026763868,0.005145705123864012,-0.008770959346858204,0.004179129617913779,-0.00017534712546875508,0.005152613905759774,-0.006177962816872357,0.007862261326605936,0.4973544973544973,0.00972019739199675,0.48412698412698413,0.5079365079365079,0.6132440090179443,0.05214492351196368,0.5527873039245605,0.6802985668182373,0.010930041156748616,0.00024979533702808483,0.010713067635026559,0.011286407551437458,70168.0,0.0,70168,70168
AAPL,MLP,0.013183176762662605,1.8164743895554206e-05,0.013152633482263207,0.013200496315864467,0.018379164024965606,8.0580698110952e-06,0.018369046561785347,0.018389775432921588,0.00033779372220258113,2.9620672314077714e-07,0.00033742187158903805,0.0003381838404732864,-0.003203742648690655,0.0008796957247012547,-0.004362343544809244,-0.0020993943358202927,129.37243979584633,3.5121372738998313,126.15121234455862,133.4112034624905,173.6956548849389,1.2132068073105093,172.4271107680482,175.50269824609157,100.02380292813737,0.13782010181300094,99.79206401463813,100.15521037320579,0.7937516212936365,0.0010936889626114105,0.7919126276449046,0.7947944218023117,0.8057617765515006,0.00035327420973803005,0.8053182163822108,0.8062269917764538,0.00971099712769501,6.223873722663217e-05,0.009641412005294114,0.009801336214877665,0.028393387836404153,0.00015786355404257357,0.02817530441679992,0.028580027562566102,0.10839444128796458,0.0007426006247933522,0.10721498215571046,0.10910843033343554,-0.00040464109532663706,5.887283258898063e-05,-0.00046772095912054625,-0.0003236556719058032,0.01923594196209388,0.009552464206007123,0.009750563077715192,0.029154638727332892,0.005916341886703537,0.007412555797880784,-0.0033506368494305976,0.016074391635091792,0.5116402116402117,0.014319966775369689,0.4973544973544973,0.5317460317460317,0.34925389289855957,0.028762457463664105,0.3177626132965088,0.38558101654052734,0.0033540069741546793,0.00023657833517479245,0.0030761042599955564,0.0036753043926582136,25880.0,0.0,25880,25880
AAPL,MovingAverage,0.01356857824796058,0.0,0.01356857824796058,0.01356857824796058,0.018763142365230138,0.0,0.018763142365230138,0.018763142365230138,0.00035205551141789397,0.0,0.00035205551141789397,0.00035205551141789397,-0.04555941528930929,0.0,-0.04555941528930929,-0.04555941528930929,231.7622116119738,0.0,231.76221161197384,231.76221161197384,147.63663986794216,0.0,147.63663986794216,147.63663986794216,102.94793289374897,0.0,102.94793289374897,102.94793289374897,0.8169564268812131,0.0,0.8169564268812132,0.8169564268812132,0.8225957886528439,0.0,0.822595788652844,0.822595788652844,0.010118482721736655,0.0,0.010118482721736655,0.010118482721736655,0.028047411557054154,0.0,0.02804741155705415,0.02804741155705415,0.10403636825503781,0.0,0.10403636825503781,0.10403636825503781,0.0002303547028723075,0.0,0.0002303547028723075,0.0002303547028723075,0.0633042367422528,0.0,0.0633042367422528,0.0633042367422528,0.034318601270439605,0.0,0.034318601270439605,0.034318601270439605,0.0,0.0,0.0,0.0,2.002716064453125e-06,3.615796777749801e-07,1.430511474609375e-06,2.384185791015625e-06,0.00019287936901920055,5.387800930725696e-05,0.0001469617167477885,0.0002699554281890708,0.0,0.0,0,0
AAPL,N-BEATS,0.013259054563755016,4.0541955743008115e-05,0.01320217527753406,0.013297337999614767,0.018413144594508803,3.2162631981455105e-05,0.018363853622483665,0.018443377099105103,0.00033904472140620543,1.1838262780640059e-06,0.0003372311198680064,0.0003401581588197946,-0.006919048767890112,0.0035158112029313056,-0.010225814131184396,-0.0015328863521670844,149.58708816707895,2.486025445051361,146.82554712746247,152.80454274807224,168.29136173201962,0.3738325331187649,167.92858445961784,168.7795936471681,100.59950530698913,0.30760116962437817,100.16794904266204,100.88997056530933,0.79832018080866,0.0024410082395745587,0.7948955111354309,0.800625204842657,0.807251520265968,0.0014100434300900256,0.8050905524911022,0.808576944892465,0.009901880129473285,0.00010917619794834459,0.00975303043378517,0.0100353887246456,0.028672597833210613,0.0001138896227499213,0.028595295076956986,0.02887243512086571,0.10823495166841894,0.0014622146711614702,0.10619525832589716,0.10999414511024952,-0.0003528777604701268,0.00012893933128009855,-0.0005033165811258666,-0.00017762291517337198,0.03323946718180496,0.009920083031226682,0.026160474797559997,0.04998235757894787,0.010462505347573845,0.005179540185476684,0.007000644938112271,0.019498391130994438,0.5142857142857143,0.013041013273932544,0.4973544973544973,0.5291005291005291,0.4769462585449219,0.005104155479635458,0.4696190357208252,0.48261308670043945,0.004078345323996569,4.769681266009723e-05,0.004031670787347057,0.004154664498788339,96216.0,0.0,96216,96216
AAPL,N-HiTS,0.013161983276587361,1.321895266866298e-05,0.013142753299344632,0.013179622991510303,0.018354019158729997,5.569688339213275e-06,0.018345103080528523,0.01836012871272747,0.00033687004409617036,2.044312725060433e-07,0.0003365428070352171,0.00033709432634791963,-0.00046053792803515405,0.0006071344853754332,-0.0011266272588179582,0.0005113138936657657,124.06426178882961,1.8636036716151787,122.42520247642203,127.1622339286289,176.60814312149316,0.7656856412238954,175.45831184117577,177.4027511305818,99.86300306079781,0.10029524297902795,99.7171007878732,99.9968396466925,0.7924755734763356,0.0007959056683721176,0.7913177474159974,0.7935376507412705,0.8046593993127082,0.0002441809630158979,0.8042685091176084,0.8049272485509138,0.009674963296856732,2.859479335449477e-05,0.009639043913921341,0.009715942840557545,0.02818754204316065,5.182240538007241e-05,0.028151908231666318,0.02827701962087304,0.10671011721715332,0.0006110398676400933,0.10567717882804573,0.1072036640252918,-0.00037839273515025384,3.0326601264704662e-05,-0.0004215785978808839,-0.0003503950312759315,0.026637895640356946,0.006343702988098762,0.018786058912933182,0.033750750699584275,0.008316836367586098,0.00694724998656903,0.0008398615711111458,0.01706406706145522,0.5100529100529101,0.028578776245092932,0.47619047619047616,0.544973544973545,0.5395384788513183,0.0801185192828358,0.46564269065856934,0.6720333099365234,0.004264160438820168,0.00018890841112244317,0.004145834181043837,0.004599334070922206,69960.0,0.0,69960,69960
AAPL,Persistence,0.018787053635652362,0.0,0.018787053635652362,0.018787053635652362,0.025598364315850587,0.0,0.025598364315850584,0.025598364315850584,0.0006552762556470126,0.0,0.0006552762556470126,0.0006552762556470126,-0.9460858770479545,0.0,-0.9460858770479545,-0.9460858770479545,598.9437461220148,0.0,598.9437461220148,598.9437461220148,145.05875468230286,0.0,145.05875468230286,145.05875468230286,142.54170935301232,0.0,142.54170935301232,142.54170935301232,1.1311578803118274,0.0,1.1311578803118274,1.1311578803118274,1.1222590690161114,0.0,1.1222590690161114,1.1222590690161114,0.014097772247623652,0.0,0.014097772247623652,0.014097772247623652,0.040694182191509776,0.0,0.040694182191509776,0.040694182191509776,0.17297694832086563,0.0,0.17297694832086563,0.17297694832086563,0.00023760017684189234,0.0,0.00023760017684189237,0.00023760017684189237,0.015935065541890316,0.0,0.015935065541890316,0.015935065541890316,0.003708538798379945,0.0,0.003708538798379945,0.003708538798379945,0.0,0.0,0.0,0.0,3.1948089599609376e-06,4.3310885726415996e-07,2.6226043701171875e-06,3.5762786865234375e-06,7.543614301731978e-05,5.193535953662729e-06,6.74888570472677e-05,8.199580762752149e-05,0.0,0.0,0,0
AAPL,QELM,0.024531228532794325,0.000210102408184665,0.024328806779238068,0.024835149883486576,0.032940890019674485,0.0003014578070022053,0.0326960732518692,0.03343357675272521,0.0010851749367358123,1.994066785245872e-05,0.0010690332060915963,0.0011178040544803675,-2.222829455986866,0.05922120899719947,-2.319733722967386,-2.1748906000202264,818.9589416059739,17.004290654717856,797.1273259630151,842.6884616708365,148.52706374789366,0.6137638142102881,147.7229403335564,149.02786571997981,186.1240892482538,1.594095433090865,184.58826871344743,188.43001063841464,1.4770114040629396,0.012650147239669837,1.4648237046970753,1.4953103368012886,1.44416307658967,0.013216225601744763,1.4334300533962085,1.4657629783461945,0.018687619821866973,0.00012703493458215574,0.01850740215741098,0.018845862243324518,0.05310434197541327,0.0008648022353708624,0.052207089192234,0.054185399319976575,0.190660990960896,0.013040646873153768,0.17048023641109467,0.20674702525138855,-0.0009202934552604748,0.0003120961716742786,-0.0012212593810288865,-0.0005495118238554398,0.007285756502567742,0.008962412886629932,-0.007490689937152312,0.014575230467482178,-0.0009086099571721981,0.007326853918608079,-0.012129384506652519,0.005022480811864023,0.4931216931216931,0.029076469130230886,0.4708994708994709,0.5396825396825397,0.04506101608276367,0.0009989551625518864,0.04336833953857422,0.0458989143371582,0.019854717153720756,0.014006216345361026,0.0051777198831871075,0.040683796796849164,49664.0,0.0,49664,49664
AAPL,Transformer,0.013160300260055782,1.772546243187022e-05,0.013139316003438792,0.013179674945229,0.018400086902564207,1.0743746862560036e-05,0.018388201136029226,0.018416145725814088,0.0003385632903643921,3.95423348551087e-07,0.0003381259410190665,0.0003391544233944205,-0.005489260730903611,0.0011743562923861,-0.007244849509347784,-0.004190389641131054,132.36515887762468,1.5739609557236764,130.5464718745695,134.7293177031278,172.62763026894214,0.5749761525608225,171.90378418965793,173.31343249455549,99.85023362616835,0.13448717202343433,99.69102123098936,99.99723383153987,0.7923742400022682,0.0010672400739800965,0.791110789772385,0.7935407788453073,0.8066790573919956,0.0004710171010518785,0.8061579729538846,0.8073830930017534,0.009586955897975712,3.8909866042318774e-05,0.009546150220558047,0.009651635395130143,0.02832945509348065,5.161880344824038e-05,0.02829353628330864,0.028418903041165334,0.10730018937028944,0.0003011221496995248,0.10694144875742495,0.10774876177310944,-0.0003476192812391237,0.00013056580534946251,-0.000532461768452905,-0.00019935609618838544,0.0008812746188512626,0.0023973814638437213,-0.002614919219761363,0.0033472542247510637,0.002199586769740794,0.003217425358277558,-0.0011455895892327017,0.0071860091565677416,0.517989417989418,0.01314790861353354,0.5026455026455027,0.5317460317460317,2.711478090286255,0.47927469693950137,2.1840741634368896,3.4786617755889893,0.018213917969395876,0.0004529379753029812,0.017765968564956908,0.01883759069695044,274712.0,0.0,274712,274712
ETTh1,CeNN_Emulator,1.3202972413656708,0.05202314918182942,1.2809160828651223,1.398813522731502,1.7977273129369695,0.038148376149747344,1.7661197013557826,1.85532539029207,3.2329877305618675,0.13808692979066173,3.1191787995170386,3.442232303862422,0.601287435083194,0.01702975654310731,0.5754820663442636,0.6153230747419431,73453848.61281718,3230617.0150089166,69598314.00654441,77500335.7776602,16.821492558608796,0.644137780013616,16.346128871186416,17.79124556213314,14.658144641658945,0.5775690666694789,14.220928915251726,15.529844568711045,1.908415672056534,0.07519654673037464,1.8514924143903655,2.0219065566660945,1.7658192061917177,0.03747127542952995,1.7347726024102326,1.8223949674328324,1.0082614421844482,0.06748864961126323,0.9545474052429199,1.1114330291748047,2.7464271545410157,0.06418432526645011,2.689167737960816,2.8462193965911866,10.11706178188324,0.22397977858420912,9.879103302955627,10.382569789886475,-0.11900467316796241,0.1521410496801103,-0.34460807455667264,0.011736821034897772,0.7792122718142978,0.006216835018341259,0.770815704778728,0.7852637275343544,0.7671709303476257,0.005817124178628663,0.7597158050453553,0.7732459188645191,0.5970149253731344,0.020228970970382704,0.5763490241102182,0.6215078453884424,9.074829530715942,1.5994926261009128,6.790120840072632,11.058100938796997,0.024910643696784973,0.0027332534071647157,0.021984335035085678,0.027624890208244324,46651.0,0.0,46651,46651
ETTh1,CeNN_NS,1.3323420493863405,0.01964909919638216,1.305281462809583,1.3574513712165337,1.8105014623712035,0.014056623360502854,1.7965495521208137,1.8278326129621763,3.2780736161765054,0.05095985228145386,3.2275902932254965,3.3409720610081366,0.5957271575340324,0.0062846923973289845,0.5879701221357757,0.601953081310063,75422354.26378277,4173792.853233255,68850083.74464776,78871219.47588934,16.981577555946068,0.24252162739360916,16.615786221162825,17.2654227398668,14.79186796744986,0.218147345215201,14.491437140434002,15.070635550770897,1.9258257670513408,0.028401671739752842,1.8867112056479491,1.9621198846137515,1.7783666255091013,0.013807130439392332,1.7646623496125793,1.7953901631494917,1.0182334423065185,0.025276823643540003,0.9804751873016357,1.0472793579101562,2.7672861766815187,0.021481078682833287,2.74585509300232,2.802340602874757,10.402140736579895,0.3754830758532234,9.933139443397522,10.82682466506958,-0.16618263172637993,0.08970194515850427,-0.2634751231394521,-0.02605263002065694,0.7764914384863217,0.0030508131197164745,0.7726075125882668,0.78001413530681,0.7666280545177416,0.0028716730670121835,0.7626343872030193,0.769487260358433,0.6106391121316495,0.008075825715135987,0.5993111366245695,0.6192116341370073,8.094393396377564,1.4798073631278226,6.787714004516602,10.184998273849487,0.12015830725431442,0.21571992453523195,0.02162344753742218,0.5060266703367233,46651.0,0.0,46651,46651
ETTh1,LSTM,1.3279984123384196,0.06386441499362941,1.275156077899971,1.402532847343712,1.8242301589482968,0.0631955997825151,1.7661334067385706,1.8968159579293051,3.3310106198820257,0.23161033355102653,3.119227210397989,3.597910778255267,0.5891986302752017,0.028563656236121195,0.556282808877017,0.6153171044048673,80463759.45302524,4600943.973788681,74373192.4957065,86678462.18357472,16.86244745205785,0.6918000314933025,16.288469515568103,17.677140267913614,14.743644235607906,0.709032635305098,14.156980447232112,15.571137087112936,1.9195472831188873,0.09231243286890188,1.8431666500077575,2.0272826319596136,1.791851649582193,0.062073932481150874,1.7347860645343163,1.8631491133382714,0.9994163990020752,0.06312464047878512,0.9407963752746582,1.0715882778167725,2.8477390778064735,0.17655651980046003,2.7065456390380866,3.0568402290344245,9.973330903053284,0.3277740447149724,9.554436326026917,10.29712164402008,0.021280089048482217,0.09481575271992981,-0.04904602447293945,0.17984984084224348,0.7706467706313029,0.018100115473697616,0.7488337238637696,0.786152287646699,0.7442182109500844,0.026057092773924744,0.7142458539927916,0.7670152734889296,0.5846919249904324,0.023007354333368143,0.5579793340987371,0.6169154228855721,5.995598220825196,1.7052576743021899,3.981217861175537,7.701707363128662,0.05370434373617172,0.0007459247333544004,0.05306815728545189,0.05489448085427284,70168.0,0.0,70168,70168
ETTh1,MLP,1.3336810348614137,0.05516050868078629,1.2714201446348405,1.392179207603783,1.8260942311387118,0.04758030788677075,1.7671926234342843,1.8939388012014091,3.3364312495569637,0.17427416043756927,3.122969768320548,3.587004182696231,0.5885301238219517,0.021492595486810106,0.5576278794594833,0.6148555484099134,76406557.04721335,5712503.911269814,67351211.65083826,81224926.3310916,17.096520417428287,0.8629768072058521,16.227656193138387,18.21359905274919,14.806733591759127,0.6124005181697654,14.11550353699088,15.456189373733995,1.9277611955179208,0.07973142406639891,1.837766567837202,2.012317025940419,1.7936826361016032,0.04673579852648143,1.73582648104874,1.8603230236567154,1.0097458124160767,0.06413017422772233,0.9457273483276367,1.1017714738845825,2.8155527734756474,0.12700737539041015,2.6926255464553837,3.013968563079835,10.074850487709046,0.26708547168117264,9.64365541934967,10.333881974220276,-0.023874455388520878,0.23704270671587685,-0.39170195969228677,0.23368079434366976,0.7737115098895397,0.012058970951117206,0.7536302158132916,0.7852710960716254,0.7498731885706917,0.01760778454859142,0.7213801775963306,0.7671614086944945,0.5741293532338309,0.01180621329127343,0.5614236509758898,0.5916570991197857,2.518961715698242,0.680315415350066,1.9138741493225098,3.3340892791748047,0.014744885265827179,0.0019856023240080066,0.01346459612250328,0.01826370134949684,25880.0,0.0,25880,25880
ETTh1,MovingAverage,1.5084525215869458,0.0,1.5084525215869458,1.5084525215869458,2.023671105250257,0.0,2.023671105250257,2.023671105250257,4.095244742224797,0.0,4.095244742224797,4.095244742224797,0.4949484281368612,0.0,0.49494842813686124,0.49494842813686124,68004028.95104799,0.0,68004028.95104799,68004028.95104799,19.648493144260808,0.0,19.648493144260808,19.648493144260808,16.74707372987133,0.0,16.74707372987133,16.74707372987133,2.180383585269055,0.0,2.180383585269055,2.180383585269055,1.9877526913846324,0.0,1.9877526913846326,1.9877526913846326,1.143000602722168,0.0,1.143000602722168,1.143000602722168,3.300333023071289,0.0,3.300333023071289,3.300333023071289,9.672583222389221,0.0,9.672583222389221,9.672583222389221,-0.03567809476309824,0.0,-0.03567809476309824,-0.03567809476309824,0.7354532571860463,0.0,0.7354532571860463,0.7354532571860463,0.6980382436604667,0.0,0.6980382436604667,0.6980382436604667,0.016456180635285114,0.0,0.016456180635285114,0.016456180635285114,2.3365020751953127e-06,3.108597948647808e-07,1.9073486328125e-06,2.6226043701171875e-06,0.00015301629900932312,1.2877871109130685e-05,0.00014062970876693726,0.00017136335372924805,0.0,0.0,0,0
ETTh1,N-BEATS,1.3457714867017405,0.02762026293202626,1.3196350122793763,1.3902978795662662,1.8276037488590304,0.03366137046268315,1.790202136867935,1.8819840284304166,3.341041933132723,0.12383384291234788,3.2048236908465206,3.541863883267179,0.5879615050619321,0.01527197541281922,0.5631948676655729,0.6047608032024641,76416885.68843226,5441290.6634230735,69590821.35341468,81488056.22579677,17.200985318778244,0.37344393153768274,16.831528027309123,17.802590350918393,14.940963662311429,0.3066444406711902,14.650792471686385,15.435302578224366,1.9452372660961323,0.039923542210297015,1.9074584570240545,2.009597671693066,1.7951653611864606,0.03306391021707996,1.7584275954968973,1.8485804377746615,1.0246235847473144,0.02916060979123558,0.9969239234924316,1.0641422271728516,2.8421850776672364,0.075250645587592,2.7824426651000977,2.972925138473511,9.876582551002503,0.1982551289957475,9.674862504005432,10.133963227272034,-0.13829303340258564,0.12522464500901978,-0.32433627412580446,-0.023810302143666282,0.7712704172638901,0.011394719978409039,0.7528586872018704,0.7817123269818492,0.7498081960142533,0.017382428691391234,0.7233183017361922,0.7693763424369781,0.5909682357443551,0.021258736088817187,0.5621890547263682,0.6157673172598546,3.3045867443084718,0.9880151217126997,2.5184311866760254,5.0012054443359375,0.01842239871621132,0.0002788876511741199,0.01821666955947876,0.018893741071224213,96216.0,0.0,96216,96216
ETTh1,N-HiTS,1.3451669923697889,0.040854547343874205,1.286098103492688,1.3794170825635617,1.8309476860265839,0.03616207121932392,1.7936011831120833,1.8711348339550717,3.353415585282,0.13270000957925102,3.217005204061065,3.5011455668400737,0.586435507750161,0.016365407354834768,0.5682165088639834,0.6032585016835236,76447400.21688847,5283805.4826072985,67666157.17484277,80782851.19066074,17.214595745737743,0.5969823941472786,16.41056737720828,17.770407882150362,14.934252472531432,0.4535735177455798,14.278460511558288,15.314502283195955,1.9443635034155615,0.059052958669502525,1.8589827348036214,1.9938700893927739,1.7984499463581227,0.035520225695649624,1.761766311606653,1.8379238071286184,1.0234656810760498,0.048875972127176044,0.9539623260498047,1.0777897834777832,2.851714978218079,0.099766435843164,2.734676361083985,2.9656040191650397,9.777143692970276,0.17932937037859947,9.528887391090393,9.997704148292542,-0.09462024481993941,0.19320079869745135,-0.3598718989380526,0.15792714271303313,0.7711949331873755,0.011250383703958762,0.7569591803543474,0.7823476644753503,0.7470657341321226,0.018455259114781953,0.7232780222319872,0.7663007574144044,0.5762724837351703,0.02532983417577949,0.5602755453501722,0.6195943360122464,3.4714455127716066,0.8609819878239626,2.701490640640259,4.897066593170166,0.01886114478111267,0.0003817758078953908,0.018473248928785324,0.0193803571164608,69960.0,0.0,69960,69960
ETTh1,Persistence,1.4578782018929404,0.0,1.4578782018929404,1.4578782018929404,1.9883255375888802,0.0,1.98832553758888,1.98832553758888,3.953438443428108,0.0,3.9534384434281082,3.9534384434281082,0.5124368808705686,0.0,0.5124368808705686,0.5124368808705686,54192196.74705298,0.0,54192196.74705298,54192196.74705298,18.999604908950797,0.0,18.999604908950797,18.999604908950797,16.185589792768326,0.0,16.185589792768326,16.185589792768326,2.10728124036996,0.0,2.10728124036996,2.10728124036996,1.9530344770141546,0.0,1.9530344770141548,1.9530344770141548,1.055999755859375,0.0,1.055999755859375,1.055999755859375,3.2360000610351562,0.0,3.2360000610351562,3.2360000610351562,10.903999924659729,0.0,10.903999924659729,10.903999924659729,-0.02212942222168683,0.0,-0.02212942222168683,-0.02212942222168683,0.757422987362183,0.0,0.757422987362183,0.757422987362183,0.719290307342185,0.0,0.719290307342185,0.719290307342185,0.016456180635285114,0.0,0.016456180635285114,0.016456180635285114,3.2901763916015627e-06,3.917617017067667e-07,2.6226043701171875e-06,3.5762786865234375e-06,7.944181561470032e-05,8.520456412049146e-06,7.171183824539185e-05,9.313225746154785e-05,0.0,0.0,0,0
ETTh1,QELM,1.2862938802223118,0.004799818516801089,1.2803175363982875,1.2936992989117613,1.8115700404404627,0.006537049665871375,1.8021595916311404,1.8194555602648428,3.2818201978361268,0.023673499093650838,3.2477791937081184,3.310418535778653,0.5952651053062875,0.0029195661508262874,0.5917381767733912,0.5994632579747676,83953458.70306328,1976359.8137032222,81702228.45918293,86988615.1383859,16.48735852459007,0.0652393273795847,16.39433785808792,16.577401079864316,14.28063405515922,0.05328832922517503,14.214283759592277,14.362850161412474,1.859265719094834,0.006937868681006671,1.850627249015499,1.8699698368058335,1.7794162372407771,0.006421022681669288,1.7701728157681191,1.7871617959005872,0.9284654140472413,0.0021803966324511624,0.9258849620819092,0.9309029579162598,2.788984756469727,0.017308973340743453,2.7715811729431157,2.817873811721802,10.601257848739625,0.2103293365252755,10.393545746803284,10.94062852859497,0.24290706691183533,0.022063865235495597,0.21964728106100775,0.26831593998142433,0.7770349543564334,0.0013425314594628919,0.7752900905920992,0.7788606584558553,0.7655441095037844,0.0018050894809585546,0.7624552131912825,0.7671270457604227,0.5947187141216992,0.00242041918114684,0.5916570991197857,0.5977803291236127,0.1946584701538086,0.0049252351130595565,0.18654942512512207,0.1997823715209961,0.005488190799951553,0.0011862520176137384,0.004602596163749695,0.007538590580224991,49664.0,0.0,49664,49664
ETTh1,Transformer,1.3754160923653074,0.06550957224433986,1.3080909728114285,1.4818752010492269,1.8643619477859452,0.06287105186878081,1.8040585222922625,1.9628106585539504,3.479007687682673,0.23707601456923216,3.254627151855342,3.852625681332993,0.5709466926185416,0.02923771870693886,0.5248697504949471,0.5986187243158515,78218942.26184149,8141974.338201574,69500713.19450547,87538616.75059931,17.392755493529865,0.8066999704023727,16.646820051781404,18.752235537823637,15.27008266979495,0.7272974261292032,14.522628755995237,16.452008197335147,1.988086882279355,0.09469041547909465,1.8907721949088032,2.141967557842542,1.831271133837887,0.06175514501250788,1.7720380420504958,1.9279724650397523,1.0339998722076416,0.06324011311889274,0.9719028472900391,1.139296293258667,2.9961715126037602,0.13163006656023107,2.8765181541442875,3.2182766914367686,10.327334237098693,0.20649416054451109,10.016626954078674,10.579665780067444,-0.1169640372413536,0.2459276414805302,-0.5020798022519845,0.06611870679947807,0.7622963016549147,0.011752353657583384,0.7508780138839206,0.7755036166762498,0.7286263386829817,0.01314142008933765,0.7150616175391601,0.7429336577812469,0.6071182548794488,0.010496780632742104,0.5931879066207424,0.6218905472636815,11.51116156578064,1.667344767979699,9.770272493362427,13.361214876174927,0.10594455525279045,0.004525316340421871,0.10110298171639442,0.11250004172325134,274712.0,0.0,274712,274712
ETTm2,CeNN_Emulator,3.4602192969640093,2.7416103921079786,1.9265837103790706,8.350543565220303,4.400353509661386,3.0418052593701748,2.659013728886607,9.81984372895506,26.765174398734917,38.97778281326621,7.070354010407458,96.42933086109802,0.05005252091962222,1.3833964229784665,-2.4224622786406145,0.7490595477416406,9.0756372530659,7.170449919100206,5.120688046459937,21.871687665193885,9.962569808724224,8.710642213887054,5.210858468631862,25.509598977369098,9.49016518416838,7.519273565859194,5.2839418786743915,22.90260558949749,15.374266660275381,12.181380897977414,8.560096677311451,37.102701450912974,12.664413747467073,8.754451263814408,7.652760158673379,28.261948419804728,2.8863157272338866,2.857310563271298,1.3358755111694336,7.987314224243164,7.223445053100585,4.66435344084817,4.491923141479492,15.52954521179199,18.234870529174806,4.7897882802955545,15.162704467773438,26.739105224609375,-2.8084844992743596,3.085666524982296,-8.255130086368984,-0.8614771192603641,0.7711744136229931,0.23703421766480545,0.347628430159959,0.8936483353915425,0.7584875972468378,0.2504241888051426,0.3114232789520761,0.8931115693734321,0.7732,0.11413943714208122,0.5716666666666667,0.846,9.871704721450806,3.054495535067752,5.482745409011841,13.000508785247803,0.026402529329061508,0.002821717537828807,0.023088417947292328,0.029832590371370316,46651.0,0.0,46651,46651
ETTm2,CeNN_NS,2.9635392906983697,1.3372983547247896,2.1608363530900743,5.320423374070062,3.779003262872223,1.3829249246677926,2.9074343251876273,6.204939553683099,15.810850738612842,12.804763802707813,8.453174355279234,38.50127486486102,0.438842520601274,0.4544656766808475,-0.36648424009462643,0.6999805960762222,7.782758645610509,3.5612961290312195,5.65079674743324,14.067976866781006,8.260967120180714,4.070100702173438,5.826075477198582,15.444547865919468,8.127946521533213,3.667739295596113,5.926414532389127,14.592051062756825,13.167443853450655,5.941814591903394,9.60091585257965,23.639428798713507,10.876140012152051,3.980119640211676,8.367725719517765,17.85809290397522,2.3841508865356444,1.3556737460785784,1.5669689178466797,4.770066261291504,6.160775566101074,1.997813200890783,4.897181701660156,9.661165237426758,16.62513084411621,2.1272360440268354,14.79104232788086,20.112756729125977,-2.501742989513609,1.6032674534075047,-5.279204524199168,-1.4317575372325049,0.8654652191694542,0.04258173305067713,0.7911598601187573,0.8977097175755246,0.858930975718355,0.037476764084969375,0.7956765220497317,0.8916708968671451,0.7726,0.08853574293909654,0.6263333333333333,0.8363333333333334,10.65587568283081,2.485736810137606,8.183508157730103,13.940141201019287,0.024675391614437103,0.0022282227365239583,0.023227650672197342,0.02858741208910942,46651.0,0.0,46651,46651
ETTm2,LSTM,1.9702358719242945,0.130813444806045,1.7501568883525,2.098454822566774,3.11060752746411,0.23511317355907102,2.7149028373400257,3.329623097632304,9.720101753421197,1.4104757794927412,7.370697416196921,11.086389972286538,0.6550149078235163,0.050060496190766114,0.6065227130829621,0.7383997830437651,5.154808875557886,0.3065070465626326,4.652979463736608,5.480938610407749,5.393219743335968,0.3734128262903489,4.779853628951942,5.785620849020329,5.403664413044873,0.3587752951405995,4.800065123978793,5.755323922719737,8.754049694243797,0.5812235036553722,7.776206185098625,9.323745476186797,8.952467261391112,0.6766662044071184,7.813611506611018,9.582803844953657,1.0812669754028321,0.03515362922267823,1.053853988647461,1.132735252380371,5.011127586364745,0.4455608359760202,4.255255508422851,5.435379028320311,18.196347427368163,0.6698216184042298,17.14647674560547,18.781349182128906,-1.3093584285259248,0.24159531316095745,-1.5272688869635265,-0.8947275495794085,0.8478406314462104,0.017304117982954628,0.833265089697427,0.8757785039941529,0.8497011311655622,0.014539984371517212,0.8364679280384757,0.8742326251228721,0.7102666666666667,0.044435596341471796,0.6676666666666666,0.782,8.979669904708862,1.1264275388016451,7.885115385055542,10.403464078903198,0.06180834025144577,0.0026706909917400194,0.05919113755226135,0.06594974547624588,70168.0,0.0,70168,70168
ETTm2,MLP,1.427177859984504,0.05261260963632049,1.3537427090273964,1.4745649328231811,2.1830109932383763,0.07717750491400031,2.1094665335723484,2.3037744089495567,4.770302090411403,0.3409643156088487,4.44984905626174,5.307376527330878,0.830692810824638,0.012101478856207363,0.8116310068614147,0.8420663048814718,3.927494730646506,0.10573695629362877,3.7869607494742734,4.031125170111521,3.956313857420856,0.14005288640879401,3.764458811611146,4.08389014467013,3.914247183791064,0.14429789367885962,3.7128403788759075,4.044213266931472,6.341162541430433,0.23376561449486008,6.01487929283901,6.551710322234655,6.2828030459233,0.22212030285341455,6.071138809402414,6.630365544882944,0.8631998062133789,0.05599713245296408,0.7958507537841797,0.9271345138549805,3.4009020233154295,0.15065950016006546,3.2560764312744137,3.6292388916015623,16.85715217590332,0.4898403834250216,16.425777435302734,17.692096710205078,-0.4216099358452691,0.2537547006860101,-0.6880792268647088,-0.09033289498753018,0.9159280734933322,0.0033119172545246086,0.9101853678689505,0.9179352440827928,0.9079585892914972,0.00368799811181782,0.9019116396050585,0.9104516381522898,0.8380666666666666,0.0016898389140848743,0.8356666666666667,0.8396666666666667,6.318173408508301,1.1110104369341323,5.329027891159058,8.088722944259644,0.01574922353029251,0.0016261491020579024,0.014941208064556122,0.018653925508260727,25880.0,0.0,25880,25880
ETTm2,MovingAverage,3.5180039585696328,0.0,3.5180039585696328,3.5180039585696328,4.629183097129695,0.0,4.629183097129695,4.629183097129695,21.429336146751275,0.0,21.429336146751275,21.429336146751275,0.23943167536638307,0.0,0.2394316753663831,0.2394316753663831,9.314860327773705,0.0,9.314860327773705,9.314860327773705,9.452474476806064,0.0,9.452474476806064,9.452474476806064,9.64864819830271,0.0,9.64864819830271,9.64864819830271,15.63101246744954,0.0,15.63101246744954,15.63101246744954,13.322995510727242,0.0,13.322995510727242,13.322995510727242,2.7468719482421875,0.0,2.7468719482421875,2.7468719482421875,7.580585479736328,0.0,7.580585479736328,7.580585479736328,18.200834274291992,0.0,18.200834274291992,18.200834274291992,-0.1124180665810903,0.0,-0.1124180665810903,-0.1124180665810903,0.6105410952596372,0.0,0.6105410952596372,0.6105410952596372,0.6246342031194079,0.0,0.6246342031194079,0.6246342031194079,0.034,0.0,0.034,0.034,2.4318695068359373e-06,1.9947529471732987e-07,2.1457672119140625e-06,2.6226043701171875e-06,0.00017005950212478638,2.5096940253419918e-05,0.00014621764421463013,0.0001969747245311737,0.0,0.0,0,0
ETTm2,N-BEATS,1.5425086940977308,0.03543255450463474,1.4930566407309638,1.5801830925411648,2.3474588281297,0.07663960312771002,2.2444062700247183,2.4232948189470975,5.515261852778122,0.357997056121204,5.037359504926268,5.872357779535847,0.8042527571289659,0.012706003552011557,0.7915787363899339,0.8212144299290474,4.223626367162369,0.060964218301684164,4.17191177359378,4.304140904199148,4.277104542991795,0.09756726039533663,4.149932243257128,4.374741161231207,4.230559120298316,0.09717904164081975,4.0949295214579475,4.333886751803078,6.853594513405294,0.15743208584697457,6.633871718371488,7.020987443802226,6.756091252510852,0.22057219751094048,6.459501392011938,6.974350617935005,0.9443994522094726,0.03851854541635627,0.8787355422973633,0.9764289855957031,3.7283897018432612,0.167154140300626,3.552813720703125,3.9758880615234373,17.19703025817871,0.5012673129832808,16.646556854248047,17.682861328125,-0.4936230234358046,0.34940470920710115,-0.8784780861536662,0.00030663797590467663,0.9036040034366735,0.002715976800999985,0.9000841943419584,0.9062527663164331,0.8971679369852869,0.002639327454002282,0.8943610715977723,0.9005532863174782,0.8151999999999999,0.021834732779577478,0.7793333333333333,0.8326666666666667,6.027672863006591,2.1518957281411257,3.915107488632202,9.484861850738525,0.022129621356725693,0.002877370945750993,0.019497238099575043,0.025974586606025696,96216.0,0.0,96216,96216
ETTm2,N-HiTS,1.461654937251409,0.03708609932705194,1.4174787079493205,1.5183776468435923,2.232413099033523,0.07031124279695428,2.128917164696067,2.31388795838508,4.987623181427379,0.31225541985030125,4.53228829413754,5.354077483959474,0.8229796676376695,0.01108254497045233,0.8099735001566546,0.8391403778902722,4.00356352643024,0.05653969567399876,3.951880106969784,4.099350000249121,4.053946250377484,0.08852487146923688,3.9420517525428624,4.189174572057069,4.008805687241219,0.10171413382932167,3.8876458192356402,4.16437614030347,6.494349300441167,0.16477903031863417,6.298067772871025,6.746376697585833,6.424984510756116,0.2023588941034342,6.1271185936764025,6.659472791431595,0.8614198684692382,0.025227654345499038,0.8349971771240234,0.8918380737304688,3.583758964538574,0.18844439886665748,3.2852909088134763,3.769207572937012,16.3662353515625,0.6013452140942294,16.002145767211914,17.436717987060547,-0.4580176761468252,0.31514376149339834,-0.8327446455690596,0.032844901190863716,0.913008152053238,0.003061269474037351,0.9084587052829405,0.9161607099955937,0.9063421514802223,0.0027324578543402875,0.9041321568194292,0.9109288282820542,0.8280666666666667,0.009558010020687173,0.8166666666666667,0.8413333333333334,8.937567663192748,1.9970414931873652,6.676304340362549,11.548439264297485,0.02141576260328293,0.0027106373323975306,0.01995684579014778,0.026224181056022644,69960.0,0.0,69960,69960
ETTm2,Persistence,2.603787944873174,0.0,2.603787944873174,2.603787944873174,3.710164489208954,0.0,3.7101644892089536,3.7101644892089536,13.765320536987137,0.0,13.765320536987137,13.765320536987137,0.5114423187370545,0.0,0.5114423187370545,0.5114423187370545,6.897588544629393,0.0,6.897588544629393,6.897588544629393,6.997725489537099,0.0,6.997725489537099,6.997725489537099,7.141275040883556,0.0,7.141275040883556,7.141275040883556,11.569015358770471,0.0,11.569015358770471,11.569015358770471,10.678018949917902,0.0,10.678018949917902,10.678018949917902,1.7579994201660156,0.0,1.7579994201660156,1.7579994201660156,6.152500152587891,0.0,6.152500152587891,6.152500152587891,16.69999885559082,0.0,16.69999885559082,16.69999885559082,-0.07707447679837545,0.0,-0.07707447679837545,-0.07707447679837545,0.7546340351633208,0.0,0.7546340351633208,0.7546340351633208,0.7618738062521095,0.0,0.7618738062521095,0.7618738062521095,0.034,0.0,0.034,0.034,3.4332275390625e-06,4.331088572641599e-07,2.86102294921875e-06,3.814697265625e-06,0.00010021030902862549,2.3141538865803417e-05,7.59027898311615e-05,0.00013224780559539795,0.0,0.0,0,0
ETTm2,QELM,120.445214056272,228.47838723863413,9.268697043418884,529.023649738537,275.91332981422886,525.9831060679412,18.988968017707595,1216.3493225381942,297454.7478642786,660788.170378089,360.5809063775219,1479505.6744391238,-10556.240676433503,23452.64212761753,-52509.499830144574,-11.797709363479239,313.17383868265455,592.683679921193,23.929614864061033,1373.0272649858352,60.9946612130204,44.19698627406504,28.172343972428077,138.8174396824305,330.33888286775516,626.6359007388598,25.420777827935797,1450.9259071398587,535.1559193025143,1015.1633032618618,41.182193297360286,2350.5304036101347,794.0908746392121,1513.8028489749363,54.65109725517809,3500.7076245699986,31.840403747558593,57.25938068630953,3.475564956665039,134.2105770111084,320.6183972167968,616.9327033391613,23.550804138183587,1423.972489547729,2745.308322906494,5053.580254143339,181.5663833618164,11770.567562103271,-66.37785158527427,131.1543811045124,-300.8575086178912,-1.4408335081471337,-0.0037154253631196746,0.15153348637466163,-0.18846951799725775,0.2295951907856798,0.1816141008383851,0.15453767479274738,-0.07844792918030007,0.32870069843253774,0.605,0.023296399340289105,0.573,0.624,0.21956706047058105,0.0038342057670444373,0.2140038013458252,0.2235095500946045,0.009437371045351028,0.005153452729160529,0.0045388005673885345,0.015993602573871613,49664.0,0.0,49664,49664
ETTm2,Transformer,2.241988148795234,0.10049311090619663,2.1475313816335464,2.4047502145502304,3.167814081476808,0.11915422415886434,3.0126332229173616,3.3015803694044035,10.046404238110672,0.7527927381547351,9.075958935825449,10.900432935636516,0.6434338055250355,0.026718061060491582,0.613122685702281,0.6778767743903837,5.80573051080749,0.24512226611948237,5.582122105228769,6.214408623610214,6.009851323201176,0.2837498112190471,5.762743073483846,6.470310307560252,6.148985381268437,0.2756172775544977,5.889923672690181,6.595384512990132,9.961485296321552,0.4465057708764536,9.54179989444963,10.684661253200977,9.11711027643364,0.34293117386889505,8.6704928412278,9.50209562182882,1.4768726348876953,0.1745077916144333,1.3104381561279297,1.7410392761230469,5.4722407531738275,0.23632619528857612,5.182421112060546,5.785457611083984,14.86647834777832,0.5861447647316722,14.171628952026367,15.702640533447266,-1.4420019344117907,0.402652087690512,-1.9221925843291812,-0.8143405515087976,0.8633481065023719,0.014791401414144034,0.8492797095453346,0.8846223232511559,0.8790541772075192,0.012799420191796858,0.868799596115037,0.8978806750408044,0.7675333333333334,0.04333948674258968,0.7083333333333334,0.829,22.865758848190307,2.420538408019018,20.759751081466675,26.988457441329956,0.12201759964227676,0.0030049218195799007,0.11890055611729622,0.12552551925182343,274712.0,0.0,274712,274712
Energy,CeNN_Emulator,1843.0455132432726,13.087345583353498,1832.4645285373265,1863.0581038411458,2611.296819564732,32.534749440541965,2580.396101981375,2659.3631708771754,6819717.88780581,170352.72007374177,6658444.043120674,7072212.474617906,0.8613714902966066,0.0034628622614975087,0.8562388808758381,0.8646498007942905,5.8256477256849015,0.04068229031864109,5.77795647438244,5.877929655540848,5.73632976739122,0.038260371869512505,5.681164887371799,5.773923019068547,5.903219096630257,0.04191837250719838,5.869328522290951,5.96731881969272,1.6965106485373673,0.012046811098102753,1.686770925293062,1.714932099776716,1.8766886833429581,0.023382097214303448,1.854480933323361,1.9112330434026032,1268.5513671875,7.976295865765025,1260.9599609375,1281.0546875,4236.150781249999,36.72865141912738,4193.885156249999,4294.858203125,15679.946875,615.2110288638409,14886.77734375,16424.734375,243.05062858615452,43.68201979477521,187.24378347439236,306.1893339301215,0.9306111472974019,0.0004815797860887298,0.9298593886044859,0.9310124076403933,0.9244003610054146,0.0010277065469941405,0.9231647499565908,0.925681200229813,0.6973333333333332,0.007039570693980964,0.687,0.703,21.16267910003662,3.438131640705637,16.894282817840576,25.73553705215454,0.026610586792230606,0.002227570807864402,0.023673754185438156,0.029789283871650696,46651.0,0.0,46651,46651
Energy,CeNN_NS,1865.9775142632377,32.38345196146112,1839.6103701443142,1921.9625814615886,2629.4421361563927,37.191185097731974,2580.5143167618385,2683.7593112942654,6915072.494793872,195866.26797323194,6659054.139012817,7202564.04095867,0.859433159814675,0.003981491504046777,0.8535891461395033,0.864637399007927,5.898596909559819,0.10866340041469355,5.822610595546831,6.087879251830181,5.823774812019637,0.10607285195352958,5.758183269468251,6.011885230172509,5.97666960307314,0.10372321826024927,5.892216437067202,6.155988081882626,1.7176193968797673,0.02980874356832309,1.6933486230720403,1.769153264046153,1.8897293725699,0.026728587753827686,1.8545658920071222,1.9287660792087857,1287.505859375,35.36515000366389,1260.451171875,1348.4033203125,4299.0141406249995,68.16238520551245,4185.053320312499,4360.5291015625,15356.96171875,567.4238913525953,14589.3984375,16116.97265625,161.92041017252603,53.918125880064736,113.41182050238716,250.70250621202257,0.9293981228878359,0.0016169467685767452,0.9267236047391553,0.930908419369677,0.9220100693796136,0.0020917174936280394,0.9183109016801217,0.9234002881283149,0.6954666666666667,0.00515105167255516,0.6906666666666667,0.702,19.61955361366272,3.4420744458577226,14.286036014556885,22.84622836112976,0.2594773657619953,0.5170958233165538,0.026066787540912628,1.1844797991216183,46651.0,0.0,46651,46651
Energy,LSTM,1916.2016393174913,40.071950450936704,1875.3326204155817,1966.8433283148872,2716.3180980197985,59.20145525816389,2653.6075984633444,2775.667305513255,7381187.859473644,321637.7352214326,7041633.286622398,7704328.990895213,0.8499581522823325,0.006538123809761846,0.8433894680332465,0.8568604824331896,6.048262189386206,0.14873917230220543,5.888528589423605,6.248584706027203,5.9917773729144495,0.11361172643694228,5.865375749815006,6.140636431821803,6.137535958245282,0.1283492466363026,6.00663372544163,6.299739758111824,1.7638503566448755,0.03688595325464573,1.7262307073935916,1.810465681131797,1.9521654515564186,0.04254694460162896,1.9070966244653649,1.9948185828411678,1313.522265625,33.811793881586276,1276.541015625,1367.5546875,4419.364374999999,94.62448453337994,4302.428124999999,4511.78125,16564.38046875,387.3651815228122,16178.828125,17189.9296875,25.428285856119793,182.93493834592198,-214.16791229926216,213.59046362304687,0.9230210553609022,0.0032247386750783764,0.919685657517237,0.9266445510350254,0.9152977970305803,0.002119479504191986,0.9124384247769333,0.9178697560296404,0.6966666666666667,0.007408703590297618,0.6853333333333333,0.7046666666666667,12.432861328125,1.7874883555609016,9.452930927276611,13.928017616271973,0.059342849999666214,0.0030625294504618354,0.055872369557619095,0.06328336894512177,70168.0,0.0,70168,70168
Energy,MLP,1856.2377234266492,27.302134381742103,1819.8491067165799,1891.4534895562067,2614.9892801219926,32.26469187849498,2579.8758870905895,2661.6366573160617,6839001.743426549,169075.59431601042,6655759.592791457,7084309.695568617,0.86097949575812,0.00343690135762865,0.8559929733853027,0.8647043692316708,5.897608226278058,0.10411933087976497,5.742436020410347,6.018353391791139,5.811137426163316,0.09165601440829196,5.677391876445732,5.922604682503847,5.945473347283148,0.08744791156971908,5.828921707337571,6.058268382253631,1.708653986774554,0.02513142587830922,1.6751585167546397,1.7410698559464781,1.8793423835617855,0.023188012050660654,1.8541070649101157,1.9128669542776995,1274.498828125,30.94760217668402,1226.00390625,1308.578125,4303.8776953125,45.24020476705546,4257.560937499999,4374.54375,15925.40546875,402.7299029573331,15434.55859375,16501.54296875,226.38127038845488,61.28390568799026,171.82682185872395,312.0182810872396,0.929362725193147,0.0017748316039282,0.9269451995555672,0.9318596476781799,0.9209510702588031,0.001916596846192587,0.9182568978942907,0.9235292485898352,0.6881333333333333,0.005199358934843172,0.6846666666666666,0.6973333333333334,7.798297929763794,2.066860178383932,5.654417276382446,11.139248371124268,0.018342304974794388,0.0030324467875413193,0.01575332134962082,0.02335337921977043,25880.0,0.0,25880,25880
Energy,MovingAverage,4845.369784342448,0.0,4845.369784342448,4845.369784342448,6224.312575452405,0.0,6224.312575452405,6224.312575452405,38742067.03693495,0.0,38742067.03693495,38742067.03693495,0.2124666878431163,0.0,0.2124666878431163,0.2124666878431163,15.633491990677168,0.0,15.63349199067717,15.63349199067717,15.210096217839856,0.0,15.210096217839855,15.210096217839855,15.519573030419286,0.0,15.519573030419288,15.519573030419288,4.460129376171919,0.0,4.460129376171919,4.460129376171919,4.473293454969196,0.0,4.473293454969196,4.473293454969196,3835.5009765625,0.0,3835.5009765625,3835.5009765625,10600.0416015625,0.0,10600.0416015625,10600.0416015625,21589.333984375,0.0,21589.333984375,21589.333984375,-80.07109657118056,0.0,-80.07109657118056,-80.07109657118056,0.5460317778470363,0.0,0.5460317778470363,0.5460317778470363,0.5138432088749999,0.0,0.5138432088749999,0.5138432088749999,0.0,0.0,0.0,0.0,3.3855438232421873e-06,1.0582132826410364e-06,2.6226043701171875e-06,5.245208740234375e-06,0.00016083940863609314,1.0498570991086187e-05,0.00014808028936386108,0.00017462298274040222,0.0,0.0,0,0
Energy,N-BEATS,1887.6901188476563,39.83582803830751,1848.7821029188367,1935.5788719075522,2653.8548733992657,43.95491562949217,2606.738309826038,2720.573454892589,7044491.316751431,234355.51904366305,6795084.61591471,7401519.923466198,0.8568023855347556,0.00476388567390446,0.8495448501814463,0.8618722256389713,6.0141906047659335,0.15345340864463755,5.870191883106021,6.180393691128323,5.896698110598118,0.12856350175411582,5.7787024373920195,6.038825245370842,6.046214419573503,0.12759295368240653,5.921593220046628,6.199600648804226,1.7376056992365256,0.03666860420683047,1.7017911396597805,1.7816869652321343,1.9072743361948175,0.031589550495034195,1.8734125702732303,1.9552236945056374,1301.925390625,50.15477206515593,1254.80859375,1364.4072265625,4358.53828125,52.1201813230117,4312.894921875,4442.416406249999,16069.4859375,783.792566916264,15159.2265625,17048.67578125,380.0389293077257,124.78869666398637,242.46888427734376,510.2514178331163,0.928749201304498,0.0011802690030705454,0.927253177942392,0.9299954016621015,0.9208484255268943,0.0018711518809005692,0.9180364763324252,0.9224730683971902,0.6927333333333333,0.007664492445325043,0.6846666666666666,0.7023333333333334,7.570710563659668,1.601690476343142,5.668842315673828,9.553761959075928,0.02273479476571083,0.00184894913318516,0.020582694560289383,0.02542557194828987,96216.0,0.0,96216,96216
Energy,N-HiTS,1867.8060251464842,24.90346793337714,1830.9028303493924,1896.8175069444444,2636.7054541029243,28.64981153609996,2594.437366907187,2669.0275303049834,6952872.301056951,150779.5855289682,6731105.250804298,7123707.957525919,0.8586647804043335,0.0030649873762302027,0.8551921012040926,0.8631727726972133,5.938181605684854,0.09667423832107491,5.782424356711161,6.042354183759374,5.841159955308599,0.08236298545651963,5.714989038376174,5.938882951020912,5.982526268189012,0.07976505540437316,5.864326450177191,6.075449167889891,1.7193025285019132,0.022923470001636657,1.685333392911689,1.7460073968550969,1.8949493791549998,0.02059006723665738,1.8645721197364338,1.9181786322127443,1275.4017578125,21.540145870022975,1242.701171875,1298.1884765625,4331.2963671874995,44.35967627994562,4289.255078124999,4395.198437499999,15983.68359375,421.61842809283235,15310.86328125,16340.94921875,268.00869511176217,58.49096954053987,167.36923480902777,316.95894194878474,0.9284833090992002,0.0012017631719125768,0.9268134220059541,0.9301958910614763,0.920165055654072,0.0019000901968680925,0.9176643244071425,0.9229502965281333,0.6942666666666667,0.0034431897356311633,0.6906666666666667,0.6993333333333334,10.7567608833313,2.607050289308123,8.013301372528076,15.033751487731934,0.024646054953336716,0.003532259521810382,0.0216728076338768,0.02870894968509674,69960.0,0.0,69960,69960
Energy,Persistence,5344.605416666666,0.0,5344.605416666666,5344.605416666666,7057.022142274711,0.0,7057.022142274711,7057.022142274711,49801561.516555555,0.0,49801561.516555555,49801561.516555555,-0.012346312196683584,0.0,-0.012346312196683584,-0.012346312196683584,17.229808101321343,0.0,17.229808101321343,17.229808101321343,16.85911298764925,0.0,16.85911298764925,16.85911298764925,17.1186096777935,0.0,17.1186096777935,17.1186096777935,4.919672323039737,0.0,4.919672323039737,4.919672323039737,5.0717457675742885,0.0,5.0717457675742885,5.0717457675742885,4117.5,0.0,4117.5,4117.5,12079.099999999999,0.0,12079.099999999999,12079.099999999999,25796.0,0.0,25796.0,25796.0,-49.961055555555554,0.0,-49.961055555555554,-49.961055555555554,0.49312415032558243,0.0,0.4931241503255825,0.4931241503255825,0.4434684999591739,0.0,0.44346849995917387,0.44346849995917387,0.0,0.0,0.0,0.0,4.100799560546875e-06,5.43678009557313e-07,3.5762786865234375e-06,5.0067901611328125e-06,0.00010253861546516418,1.845217738499573e-05,7.82310962677002e-05,0.00012852251529693604,0.0,0.0,0,0
Energy,QELM,1901.4356084825304,30.722714607809888,1868.7041361355252,1945.0345684678819,2827.4447416003286,89.83839180667317,2743.6439817033606,2963.1595867715623,8000900.516117275,512240.59936060215,7527582.29833707,8780314.736676216,0.8373608801593242,0.01041262293648643,0.8215172582360599,0.8469823044214131,5.951000788447996,0.08611664102531594,5.873245878447399,6.0806690714847305,5.874230726822085,0.06788424591833284,5.804053787723558,5.969385729821363,6.090240807593803,0.09840392669087993,5.985402890553085,6.2298869592104476,1.7502583273823646,0.02828004631985687,1.7201292334560383,1.7903908685208318,2.0320300279856234,0.06456512027668199,1.971804037368289,2.1295656708839097,1240.0103515625,7.017832439771547,1228.193359375,1245.796875,4486.7471484375,70.11280470538581,4407.4634765625,4596.3912109375,22637.078125,2816.718401520961,19620.890625,26353.3125,138.32548017849393,34.98065170757159,110.50290827094184,197.33660329861112,0.9191891186173861,0.00438650012324421,0.9127071263417198,0.9235687270240421,0.9181461600168788,0.001830708691546948,0.9152609190337835,0.9199231737592786,0.6981333333333334,0.0030695638488590273,0.694,0.7016666666666667,0.243255090713501,0.014812313639555715,0.23317575454711914,0.26946091651916504,0.007395446300506592,0.003250581605089648,0.004961621016263962,0.012903474271297455,49664.0,0.0,49664,49664
Energy,Transformer,1955.832623828125,55.32838589074724,1904.7126348198785,2047.7194145236545,2756.8468737467797,72.65225140659648,2681.392465800487,2866.585790155824,7604427.364994949,403504.55989290815,7189865.555651616,8217314.092323289,0.8454202285050634,0.008202280023415274,0.8329617111551832,0.853847275892459,6.241088802195572,0.22595075484989788,6.04541193305186,6.621851854622792,6.126851574234773,0.17025050747069245,5.977556071499419,6.409032454536303,6.264472804297304,0.17721514842095776,6.10073702394646,6.558783418801547,1.8003304038011692,0.05092939656430922,1.7532748074621567,1.8849115591523302,1.9812927013530341,0.05221377248752365,1.9270650729807248,2.060159945016855,1352.7546875,51.465635678649626,1310.2880859375,1435.279296875,4465.147265625,114.19942328688204,4363.6820312499985,4646.133007812499,16520.89140625,739.6426932911687,15345.79296875,17280.40625,289.80745712890626,247.52428397380282,103.30959836154514,718.8625518391927,0.9221217285245069,0.0019944916678756074,0.9192512980560978,0.9242804460204535,0.9135101402680826,0.0030923881313163343,0.9098458659560623,0.9171538212654301,0.6706666666666667,0.009357112565078771,0.6543333333333333,0.6763333333333333,32.10342259407044,4.459619502654013,24.483815670013428,35.563727140426636,0.11633718386292458,0.006157239043347292,0.10633328929543495,0.12257508933544159,274712.0,0.0,274712,274712
ExchangeRate,CeNN_Emulator,0.02481152722761929,0.014226235576185688,0.015460311638216963,0.04965286644135856,0.03233143464764907,0.019646857404004504,0.019452098829111062,0.06658398258134664,0.001354120871057832,0.0017362992042463592,0.0003783841488575039,0.004433426736393072,0.7416006681702665,0.33132829116153234,0.15399390786650102,0.9277950636981462,3.191190800113916,1.7437264725126298,2.074854748129274,6.244557897630238,3.2665635790386007,1.8698907511247664,2.0683856993233265,6.541082362542326,3.3213133459662836,1.904348154330827,2.0695436804731844,6.646617375233182,8.078797707623824,4.632156590226681,5.033979935057854,16.167302395511953,6.753912049480105,4.104152766538988,4.063468451102709,13.909137257886263,0.01836385726928711,0.00820456414377951,0.012968569993972778,0.032761454582214355,0.05669876337051392,0.03713826900342368,0.03241550922393799,0.12130850553512573,0.097670578956604,0.04935822906198153,0.06849521398544312,0.18373632431030273,-0.01247361124756743,0.014431462354535003,-0.03533556522299471,0.0008688375619827463,0.9129007857611343,0.10743073630439655,0.7208131932813758,0.9645791675940179,0.9231426872299723,0.09519404397180163,0.7529165394040103,0.9681786259467224,0.521334503950834,0.02845873830283645,0.504828797190518,0.5715539947322212,4.995987844467163,2.16088719840691,2.1576550006866455,7.56998872756958,0.011463835835456848,0.0009866368565287066,0.010326970368623734,0.012917444109916687,46651.0,0.0,46651,46651
ExchangeRate,CeNN_NS,0.025336872051255482,0.018887452074412812,0.014937611599309703,0.058961431750139716,0.03234936633200529,0.024723268864530544,0.018702744770446394,0.07633292921895514,0.0015354735207605695,0.0024016859610884516,0.00034979266194845994,0.005826716083146015,0.7069941537073948,0.45830033409447607,-0.11187972567789362,0.9332510176467358,3.279935939307825,2.3483406282498827,2.00288958776837,7.463484461446653,3.3612948929330364,2.511355627248268,2.005632421874533,7.835750589452861,3.3916368999325583,2.52830654358978,1.9995741619008949,7.892677801430501,8.249853464005465,6.149879574997129,4.863785338112681,19.198232954036207,6.757657909209523,5.164595549391458,3.906931277256323,15.945654625056987,0.019825291633605958,0.013078167446394149,0.012539684772491455,0.043128788471221924,0.056429493427276614,0.04553191931267438,0.031340062618255615,0.13742390275001526,0.09381763935089112,0.050725985425738446,0.06501221656799316,0.1836085319519043,-0.010800807992198644,0.016073566133380048,-0.038754122259238674,-0.001153746484087893,0.8871238244439787,0.17036048117669644,0.5824478834065298,0.9670983834845248,0.893616797405737,0.1635023573663111,0.601153322697677,0.9685235737422148,0.5192273924495171,0.008570826944242872,0.5092186128182616,0.5294117647058824,5.184543895721435,3.3211997145126793,1.8908977508544922,10.539262294769287,0.1084938645362854,0.2169112434661109,0.0104573555290699,0.49650995060801506,46651.0,0.0,46651,46651
ExchangeRate,LSTM,0.015149474936791741,0.0008434612123405769,0.014247127915199716,0.016392878592799275,0.019196126550510104,0.0010387489031301227,0.01809934251074788,0.020712207271939873,0.0003693544739702021,4.0345255039345024e-05,0.0003275861993213653,0.0004289955300757989,0.9295181461846423,0.007698859952230769,0.9181371761570061,0.937488553030605,1.9982757542642102,0.1018096623892276,1.8845781582259347,2.1475931527642134,2.005732164316688,0.10427047821103487,1.89180124610104,2.159074494514915,2.0279345495483247,0.11290715624442685,1.9071448384591023,2.194378683326758,4.932769444954525,0.2746365609103417,4.638959274276922,5.3376299162044685,4.0099968289610795,0.21699064114202257,3.7808828715213285,4.326700246673277,0.012614166736602784,0.0007928660992603817,0.01178067922592163,0.013797581195831299,0.032153695821762085,0.001907017507835317,0.030006498098373413,0.03501260280609131,0.06527652740478515,0.0010227246161603855,0.0641489028930664,0.0666016936302185,-0.004343933979077125,0.0010582931287045343,-0.005624715961627106,-0.0028204759389362666,0.9725929518359283,0.0018167561406832648,0.9703535179747288,0.975209478719417,0.9686349022888233,0.0007072603662824959,0.9679652555269102,0.9697129926177482,0.5776997366110623,0.014795697582399212,0.5513608428446005,0.5856014047410009,3.95966796875,1.2674815120606564,2.665799617767334,5.840829372406006,0.024195946753025055,0.0006944949465863845,0.02317037433385849,0.02501765266060829,70168.0,0.0,70168,70168
ExchangeRate,MLP,0.012500493109383217,0.00041072666924803295,0.01228094120358109,0.013233643671661782,0.0159232759240959,0.00047536664070192404,0.015556515537908934,0.016730877875749364,0.0002537314949093659,1.5370860759332175e-05,0.00024200517568120211,0.00027992227449323955,0.9515818342733899,0.002933135612005245,0.946583993911262,0.9538195023561606,1.7043615850201175,0.05709582448595173,1.6723418844249254,1.8058624768862859,1.6952305593899073,0.0552555044384684,1.6656724148368791,1.7938456820466602,1.6733373248035157,0.05498057236070677,1.643947732289387,1.7714781093170902,4.0702434054053445,0.13373532566295637,3.9987558497612787,4.308962087554258,3.326310951028821,0.0993022585464223,3.249696120337408,3.4950158851556026,0.010251790285110474,0.00038053108673989265,0.009922772645950317,0.010883629322052002,0.026455783843994142,0.0007727333926433406,0.025795966386795044,0.027779042720794678,0.058063840866088866,0.002897279740611659,0.05388152599334717,0.06101357936859131,0.003255725957023703,0.0015725016871623904,0.0009512635095621153,0.004858037363656055,0.9767921866941947,0.0011467193332440268,0.9749733371208485,0.9780980633186466,0.968658125784518,0.0017984170574792022,0.9659044462476236,0.9705966971195938,0.5269534679543459,0.01641814519558175,0.5030728709394205,0.5487269534679543,2.0059801578521728,1.0427513264731232,1.070418357849121,3.413789749145508,0.007525738328695297,0.0014043391223107,0.006500165909528732,0.009415671229362488,25880.0,0.0,25880,25880
ExchangeRate,MovingAverage,0.012653447430333373,0.0,0.012653447430333373,0.012653447430333373,0.016085499356682034,0.0,0.016085499356682034,0.016085499356682034,0.0002587432895538181,0.0,0.0002587432895538181,0.0002587432895538181,0.9506254614598003,0.0,0.9506254614598002,0.9506254614598002,1.7287785489780778,0.0,1.7287785489780778,1.7287785489780778,1.7222839902675813,0.0,1.7222839902675813,1.7222839902675813,1.693812051040015,0.0,1.693812051040015,1.693812051040015,4.120046346035607,0.0,4.120046346035607,4.120046346035607,3.360198800670878,0.0,3.3601988006708776,3.3601988006708776,0.010600358247756958,0.0,0.010600358247756958,0.010600358247756958,0.026233941316604614,0.0,0.026233941316604614,0.026233941316604614,0.05883103609085083,0.0,0.05883103609085083,0.05883103609085083,0.002050987547571491,0.0,0.002050987547571491,0.002050987547571491,0.9758668408784061,0.0,0.975866840878406,0.975866840878406,0.9657550380026503,0.0,0.9657550380026504,0.9657550380026504,0.000877963125548727,0.0,0.000877963125548727,0.000877963125548727,1.811981201171875e-06,2.132480599880018e-07,1.6689300537109375e-06,2.1457672119140625e-06,0.00017313286662101746,3.098030230922655e-05,0.00014854595065116882,0.00021979212760925293,0.0,0.0,0,0
ExchangeRate,N-BEATS,0.012075874027990968,0.00010832552866935579,0.011948868556001014,0.012207296516398502,0.01552549321260938,0.0001189346667944685,0.01535289875049702,0.015655048184267096,0.0002410522558587523,3.6872290259781475e-06,0.00023571150004301296,0.0002450805336517245,0.9540013427299938,0.0007036133457359681,0.9532326489506006,0.9550204893687828,1.6486331370474108,0.013770414798641214,1.6319762061719634,1.665310728198582,1.63957665807615,0.013309811322283314,1.6230594463078847,1.6556176195748735,1.6164970904623523,0.01450063999598892,1.5994959213984257,1.6340895288763067,3.9319846182740767,0.03527151007927303,3.8906307948453462,3.9747766515228453,3.2432156761836937,0.024844993360740582,3.20716135845737,3.270279210285566,0.009719842672348022,0.00015829543920662227,0.009535372257232666,0.009894192218780518,0.025868821144104003,0.0002562399767292913,0.025583267211914062,0.02615278959274292,0.05832393169403076,0.0016599941202228902,0.056475698947906494,0.06028527021408081,0.0031047645867969824,0.0005167866114585421,0.0024746849975950157,0.0036642398507510635,0.9777347226232053,0.00032441181243924607,0.9772643855662627,0.9781583985581273,0.9699768418858215,0.0006496637327728158,0.9692102592240421,0.9706749894501556,0.5322212467076384,0.01707406923621805,0.5092186128182616,0.5496049165935031,2.184974956512451,0.5225002225878665,1.593250036239624,2.8437418937683105,0.00932309776544571,0.001052229372042513,0.0086161307990551,0.01114560291171074,96216.0,0.0,96216,96216
ExchangeRate,N-HiTS,0.012132946511946961,0.0002306093664058074,0.011818501689488475,0.01243416486618147,0.015505888685750344,0.0002519357212045223,0.015165299040293392,0.015852653682506275,0.00024048336122097562,7.815848208620525e-06,0.00022998629498152367,0.0002513066287774798,0.9541099017201289,0.0014914547127631251,0.9520445579501667,0.9561129983124795,1.6522992834099348,0.03426568498899933,1.604912774180208,1.7001612586425159,1.647763599135588,0.032424059994822944,1.6031364350580108,1.691685801241086,1.6241369104908223,0.030869763046904912,1.5820447903314951,1.6644585130584957,3.95056779730704,0.07508793810168782,3.8481824790818893,4.048646489817959,3.2391203661048005,0.05262840086378342,3.1679725022549934,3.311558237032935,0.009874057769775391,0.00023858969348203958,0.009607911109924316,0.010221034288406372,0.026026493310928343,0.00042532693709858266,0.025532126426696777,0.026601165533065796,0.05673612356185913,0.0012744842836557206,0.05509233474731445,0.058258235454559326,0.0009883544517079745,0.001515158498342062,-0.0006841669981508252,0.002747624589226767,0.9771725371533881,0.0005524947353071188,0.9764772270600047,0.9779700695031018,0.9691123745687454,0.0010736863526998174,0.9674501459040085,0.9703868402606622,0.5141352063213345,0.010212337856783365,0.5074626865671642,0.5320456540825286,2.566358947753906,0.7588487680315011,1.7385714054107666,3.771873712539673,0.009487196803092957,0.0009717056075529164,0.008738599717617035,0.01099519431591034,69960.0,0.0,69960,69960
ExchangeRate,Persistence,0.011050815128481176,0.0,0.011050815128481176,0.011050815128481176,0.014518145351341466,0.0,0.014518145351341466,0.014518145351341466,0.00021077654444267782,0.0,0.00021077654444267782,0.00021077654444267782,0.959778687845775,0.0,0.959778687845775,0.959778687845775,1.5076804125116448,0.0,1.5076804125116448,1.5076804125116448,1.503215356348769,0.0,1.503215356348769,1.503215356348769,1.4792809581336028,0.0,1.4792809581336028,1.4792809581336028,3.598218646854119,0.0,3.5982186468541184,3.5982186468541184,3.0327845916252456,0.0,3.0327845916252456,3.0327845916252456,0.008646011352539062,0.0,0.008646011352539062,0.008646011352539062,0.023952990770339966,0.0,0.023952990770339966,0.023952990770339966,0.061846017837524414,0.0,0.061846017837524414,0.061846017837524414,0.0014281284291910992,0.0,0.0014281284291910992,0.0014281284291910992,0.9802116121468432,0.0,0.9802116121468432,0.9802116121468432,0.9722574533555475,0.0,0.9722574533555476,0.9722574533555476,0.000877963125548727,0.0,0.000877963125548727,0.000877963125548727,3.4809112548828124e-06,2.718390047786564e-07,3.0994415283203125e-06,3.814697265625e-06,7.255002856254578e-05,2.8968473924316077e-06,7.031485438346863e-05,7.636845111846924e-05,0.0,0.0,0,0
ExchangeRate,QELM,0.7074377956927991,0.7873967580641004,0.13204805947838033,2.0038436678954215,1.4690459065544086,1.5636166225233088,0.23635384600632617,3.9501455008917796,4.114013429349224,6.634201295903371,0.055863140521982144,15.603649478215567,-784.0542326047561,1265.9676242536625,-2976.557384612585,-9.660051472003497,87.68366735043125,98.75018035110203,16.492345655100646,251.2034964570302,47.20185436868756,39.738692039965244,16.565454244536138,110.0031375764023,94.69882973023718,105.40227278785748,17.67617842428864,268.23793055360784,230.34643493317216,256.3816030219054,42.99572333550682,652.4647790567859,306.87802621956007,326.63348418395816,49.37340720818168,825.1701660140384,0.24650567173957824,0.32719092681095435,0.05697089433670044,0.8193911612033844,1.8996683329343795,2.0125996654596707,0.36488305032253265,5.108753174543381,15.891925966739654,19.11355535129306,1.7262821793556213,47.890791177749634,-0.23356497598943352,0.4811173031914239,-1.0246838898912294,0.14113446004320246,0.13988567224809031,0.3831869709142446,-0.32879062349451693,0.5674488006528037,0.21150096900507048,0.3374863592710793,-0.26102973466346946,0.5690355688455997,0.504828797190518,0.012369624937318142,0.48990342405618964,0.5188762071992976,0.09963202476501465,0.002259321795986092,0.09724044799804688,0.10257244110107422,0.004566740244626999,0.00035246345485539783,0.004114117473363876,0.005051027983427048,49664.0,0.0,49664,49664
ExchangeRate,Transformer,0.01905582372490551,0.000611551183810048,0.018575440000940004,0.01976114622474519,0.02525004285414729,0.001032881102328753,0.024288909693786206,0.026875584914161817,0.0006384181388335131,5.2898358677657664e-05,0.0005899511341129016,0.0007222970644783223,0.8781742279965815,0.010094298691754343,0.8621680805362867,0.8874229161331221,2.4622901356690496,0.07631585645427517,2.4040717491723647,2.5620761652403368,2.484195925542403,0.07776693983136118,2.4273245374859562,2.57672802622395,2.550845059850128,0.0818632843474782,2.4865400753582603,2.6452607324702377,6.20470250030723,0.19912511860050186,6.048286375965144,6.43436018089117,5.274636604933791,0.2157648801769363,5.073859593221765,5.614206074266545,0.013953882455825805,0.0005126705290885252,0.01342812180519104,0.014806658029556274,0.044326430559158324,0.0025379245787203217,0.042159080505371094,0.048613011837005615,0.08338862657546997,0.004919412974451752,0.076213538646698,0.08979123830795288,-0.0063500719188004165,0.0024129834379006936,-0.009724328782270971,-0.0036079928448997747,0.9561985476331998,0.0015655413322982982,0.9547269711927259,0.9587684941470616,0.9609051185087422,0.0014756871664300857,0.9594821358605463,0.9627139459603966,0.5227392449517121,0.019341111186776262,0.5030728709394205,0.5487269534679543,5.8798445701599125,0.7638379387485574,5.001743793487549,7.084075689315796,0.04201391711831093,0.0017042283664079137,0.04030158743262291,0.044772401452064514,274712.0,0.0,274712,274712
Jena,CeNN_Emulator,0.8674642037509734,0.26559026962312876,0.6908767505661688,1.3375846912583025,1.221327486565966,0.23872032985985972,1.0510630532320984,1.6400745226084799,1.5372307461522596,0.6526903296274069,1.104733541869581,2.6898444397094328,0.8784772081038487,0.051597166722350755,0.7873595705146972,0.912667434836736,9979560.476335596,2001479.9271895098,8602700.933938151,13477718.804197416,43.84509953871175,11.521826526455996,36.09868264406707,64.20052176860712,22.82183780636883,6.98732931005052,18.17605507804742,35.1900870885298,5.483120001024047,1.6787589772015565,4.366935388102015,8.454685901722137,5.136486573572324,1.0039762329525674,4.42041247764304,6.897593690225599,0.635073184967041,0.322250981392723,0.4356374740600586,1.2082428932189941,1.830499755516648,0.3169636840792905,1.610969352722168,2.3878084421157837,7.462749099731445,0.22070514720868467,7.265308856964111,7.808621406555176,-0.4272563223937733,0.39014404880839415,-1.106259698027331,-0.12784139630591704,0.9521715287910443,0.005591226630574831,0.9432666101103804,0.9570814407629868,0.9546759380281756,0.003368093199695592,0.9507034858599421,0.9581003281051061,0.6192666666666666,0.01827019430657486,0.5906666666666667,0.638,14.955551290512085,5.42907551067418,9.120779514312744,21.812116861343384,0.026753637939691544,0.002528380118968568,0.023525208234786987,0.02884538844227791,46651.0,0.0,46651,46651
Jena,CeNN_NS,0.7683367457206878,0.05849904310344092,0.7182200227351859,0.8520765314834813,1.1341859030077064,0.05506253316260804,1.0844437301589396,1.2049229801631884,1.2888031686280328,0.12599162395013935,1.1760182038810347,1.4518393881253395,0.8981161678893639,0.009960023201640045,0.8852276561138233,0.9070321642902104,9299334.477513343,851083.610129353,8530375.399169505,10712361.871451803,39.3932484150563,3.741388033807222,35.62938138461726,44.414684503005034,20.21392527286877,1.539032582280211,18.895420464928385,22.417008466797515,4.856549192192651,0.3697642760292225,4.539768390172982,5.385856675097449,4.769998814252863,0.23157422182632703,4.560800212085642,5.067494818444576,0.5151101112365722,0.0708191425592487,0.4599825143814087,0.622215747833252,1.7247915399074554,0.06815863777122813,1.6589679360389706,1.8025860786437988,6.949269866943359,0.28722713562619695,6.597667217254639,7.240877151489258,-0.24962955853471325,0.20240631873572137,-0.46809013627034923,0.028702319641287128,0.9534912395304979,0.0023743501497980168,0.9509615537138669,0.9566910186225986,0.9556748875457233,0.0021974808898952806,0.9525117107526313,0.9585323969327864,0.6064666666666667,0.02439899815793901,0.5723333333333334,0.634,12.372782993316651,3.0992809073532106,8.13586711883545,15.6790452003479,0.027056876569986343,0.0028649385699749544,0.02379249781370163,0.029401853680610657,46651.0,0.0,46651,46651
Jena,LSTM,0.7636365956435498,0.03208732668441101,0.7282870240439143,0.8130867516170256,1.1720591088769887,0.052850227785182335,1.125248989141048,1.2495419964841625,1.375957071963077,0.12536006040111144,1.2661852875629502,1.5613552009776266,0.891226385282275,0.009910096171537512,0.8765700961685136,0.899904180561296,12852964.687793722,1739401.4635454256,10487345.015572919,14968794.048364677,34.02710777549511,1.0771436086191657,33.02628213097783,35.73299585566185,20.09027053038809,0.844175197161014,19.160269976955345,21.391238840373,4.826840200416007,0.2028195076660408,4.603400498549952,5.139407725507524,4.9292805921425,0.22227002046118735,4.732413204668055,5.255147172771827,0.46379333138465884,0.024317800184904665,0.4350013732910156,0.4946679174900055,1.8314698141813277,0.09542543520041724,1.7196996212005613,1.9533949822187422,7.120446729660034,0.4438789595788479,6.704199314117432,7.679673075675964,0.21853788168898056,0.06902728004470142,0.1324552183608628,0.29652008920845885,0.947479154379851,0.004466834188869867,0.9413714684816713,0.9510582323553869,0.9483576109521537,0.005198382129636967,0.9422857121661524,0.9538760142379279,0.5693333333333334,0.03395994372459676,0.5446666666666666,0.629,9.068365049362182,2.938020717646009,6.587743759155273,13.388432264328003,0.06093839183449745,0.0020964959998539825,0.05896715447306633,0.06433948874473572,70168.0,0.0,70168,70168
Jena,MLP,0.7401439314388669,0.025900832812741283,0.7102464638732167,0.775386548749999,1.1367263628471524,0.024363510837760494,1.1098295849324042,1.172094326751913,1.2926216885199895,0.05558549780098493,1.2317217075912328,1.3738051108040203,0.8978143022134768,0.004394203601912618,0.8913965043933814,0.9026286319602693,15841653.421125963,2121124.7346053175,13325214.391411116,18022529.167569023,34.11317847383389,0.5302789194746822,33.58521561173406,34.852189804594396,19.472209554730046,0.68141671200527,18.685646659507317,20.39939628205404,4.678346353152868,0.16371554448544284,4.4893686389367256,4.9011100119084965,4.780683121287256,0.10246461140009801,4.667564453156799,4.929428706504691,0.4567437246441841,0.02850446662570048,0.4213087558746338,0.49209389090538025,1.762156660556793,0.04496892019757572,1.702199363708496,1.8237643480300902,7.875375461578369,0.34795467718214307,7.366869926452637,8.21446704864502,0.20374216005077792,0.12739021023689412,0.049161719659343364,0.3301245866080539,0.9517033458677631,0.0008538652540602449,0.950647991916601,0.9524922503647317,0.9526288995278691,0.0014868506363579636,0.9509064704063128,0.9542752116654345,0.5942000000000001,0.022667401948858374,0.562,0.6223333333333333,7.38535327911377,2.0975895532834117,4.994886875152588,10.597398281097412,0.01625940203666687,0.002205324646034828,0.01494772732257843,0.020166393369436264,25880.0,0.0,25880,25880
Jena,MovingAverage,1.0352659659375334,0.0,1.0352659659375334,1.0352659659375334,1.6194410334260205,0.0,1.6194410334260203,1.6194410334260203,2.6225892607439367,0.0,2.6225892607439367,2.6225892607439367,0.7926762981028096,0.0,0.7926762981028096,0.7926762981028096,22029405.775278203,0.0,22029405.775278203,22029405.775278203,46.89066297534756,0.0,46.89066297534756,46.89066297534756,27.236480605097974,0.0,27.236480605097974,27.236480605097974,6.543771488974481,0.0,6.543771488974481,6.543771488974481,6.810816276863972,0.0,6.810816276863972,6.810816276863972,0.5841668844223022,0.0,0.5841668844223022,0.5841668844223022,2.6566667675971987,0.0,2.6566667675971987,2.6566667675971987,10.76166582107544,0.0,10.76166582107544,10.76166582107544,0.04702391404513684,0.0,0.04702391404513684,0.04702391404513684,0.895354834989379,0.0,0.895354834989379,0.895354834989379,0.912914493601714,0.0,0.912914493601714,0.912914493601714,0.004666666666666667,0.0,0.004666666666666667,0.004666666666666667,2.193450927734375e-06,3.1085979486478084e-07,1.9073486328125e-06,2.6226043701171875e-06,0.00019101426005363464,4.519482095143581e-05,0.00014808028936386108,0.0002668239176273346,0.0,0.0,0,0
Jena,N-BEATS,0.7476603636971986,0.035791348100069266,0.7088723262172814,0.7845675986493006,1.1418637641457834,0.023960979225908577,1.1203211389392336,1.1719013350999674,1.304312158689549,0.05490629416208279,1.2551194543541013,1.373352739209086,0.8968901347928476,0.004340510477004706,0.8914322657514784,0.9007789685198132,15888612.22352947,2393645.7426481005,12731272.49549759,18776688.485993102,34.16396232720421,1.1673777372227268,33.06494409862894,35.72779025286456,19.669956962796515,0.9416231098402262,18.64949491218244,20.640937582303696,4.72585667101243,0.2262321093856245,4.480682906853674,4.959142145241011,4.8022892777716795,0.1007717008233216,4.7116883485777645,4.928617049484003,0.46517911050468685,0.04530292737745149,0.40932178497314453,0.5111968517303467,1.7805765098333357,0.07611695633601731,1.6924356460571282,1.8636862665414808,7.750357913970947,0.5220361746575581,7.1956257820129395,8.54820728302002,0.21089983970129653,0.18543998193769556,-0.07067530953283939,0.3542308612989469,0.9513867502002544,0.002134164383757479,0.9499647621494705,0.9551279397281418,0.9528493721948713,0.0011419894213819779,0.9516131461399876,0.954530150791397,0.5927333333333333,0.03430046970847807,0.5483333333333333,0.6276666666666667,7.2506341457366945,2.5454318843036523,4.596164226531982,11.180866718292236,0.02088267356157303,0.0025842479783917526,0.019455794245004654,0.02548564225435257,96216.0,0.0,96216,96216
Jena,N-HiTS,0.7402394358435025,0.03271391173046051,0.6962060921133185,0.78527491482756,1.1337914702160603,0.01893566791239518,1.1139958349921233,1.1614295531910859,1.285769945550126,0.04309483365969433,1.2409867203797977,1.3489186070256454,0.8983559534503758,0.0034067784005327156,0.8933638586290757,0.9018962043635418,15422467.442367971,2297609.866687968,12283361.70928138,18108790.519899085,33.964207187600564,0.6006130055149105,33.19832217873247,34.87492402795153,19.474722149512584,0.8606598223835912,18.316263017323617,20.65954613701783,4.678950023147524,0.2067800641748638,4.40062141122909,4.9636129919541,4.768339964549772,0.07963695656037269,4.685086278980978,4.884576308758856,0.4596914857625961,0.03982601454000976,0.4034368246793747,0.5090513229370117,1.7544478505849834,0.05680640430808398,1.6743134319782254,1.8326642036437986,7.745736885070801,0.44670753042787714,7.263920783996582,8.286187171936035,0.2102876495567047,0.1468424659926462,-0.03049989582494729,0.35352386643427114,0.9524284844206343,0.0006535831475224309,0.9517908380867892,0.9535359654531694,0.9536891215483376,0.0008928626270435599,0.9524889332625563,0.9548559560460766,0.5944666666666667,0.015596652062399656,0.5816666666666667,0.6163333333333333,11.985664558410644,2.4921996718608965,8.85917615890503,15.15061330795288,0.02137366682291031,0.002570966290371819,0.01995684579014778,0.025939662009477615,69960.0,0.0,69960,69960
Jena,Persistence,0.7860422297174422,0.0,0.7860422297174422,0.7860422297174422,1.3113024089031908,0.0,1.3113024089031908,1.3113024089031908,1.7195140075953108,0.0,1.7195140075953108,1.7195140075953108,0.8640671587980162,0.0,0.8640671587980162,0.8640671587980162,16540373.805355694,0.0,16540373.805355694,16540373.805355694,37.23268763340008,0.0,37.23268763340008,37.23268763340008,20.679733178612842,0.0,20.679733178612842,20.679733178612842,4.968463082138345,0.0,4.968463082138345,4.968463082138345,5.51489038878721,0.0,5.51489038878721,5.51489038878721,0.409999817609787,0.0,0.409999817609787,0.409999817609787,2.010000228881836,0.0,2.010000228881836,2.010000228881836,9.600000858306885,0.0,9.600000858306885,9.600000858306885,0.0344852903942681,0.0,0.0344852903942681,0.0344852903942681,0.9318140137844683,0.0,0.9318140137844684,0.9318140137844684,0.9409893571165503,0.0,0.9409893571165503,0.9409893571165503,0.004666666666666667,0.0,0.004666666666666667,0.004666666666666667,3.337860107421875e-06,2.920019319991086e-07,3.0994415283203125e-06,3.814697265625e-06,8.242204785346985e-05,7.229007173450675e-06,7.497146725654602e-05,9.313225746154785e-05,0.0,0.0,0,0
Jena,QELM,3.445378148112622,1.8431258425488963,2.01141364819572,6.360196576885776,7.047045441768392,3.685706008411529,4.0232252951813114,12.883169802165321,60.52839248270136,62.83988847877812,16.186341775786747,165.97606415142445,-3.784954543678721,4.967685371567198,-12.120915486566794,-0.2795798211182048,24285969.522575125,9930599.51580429,15542097.885708258,40343359.27796408,70.19457538030125,14.279349147908697,58.147152206582554,91.52143149411314,90.64334982104491,48.49020726560511,52.91763722600504,167.32837397400968,21.777753771648143,11.650140868043643,12.71386456878028,40.201913704762426,29.63746799539694,15.500821552433095,16.920312478400277,54.182215205798876,1.2844741746783257,0.6510461283207892,0.7959104776382446,2.330346643924713,8.91826188445091,5.04446375277102,5.091519701480862,16.861121797561644,102.38543380498886,45.64962445384141,66.43701845407486,180.25123965740204,0.21957852771220104,0.3524463135982131,-0.28257534375517734,0.7031607522295995,0.47922852472962163,0.16024145099774398,0.23854444472113714,0.6286177016517698,0.6635328283846891,0.1389285440799853,0.44715632902827024,0.7765305772768439,0.5222,0.00843800924389158,0.5086666666666667,0.53,0.23009700775146485,0.0073436519481288225,0.21936464309692383,0.23895645141601562,0.005968846380710602,0.0012522675770421825,0.00486522912979126,0.007954426109790802,49664.0,0.0,49664,49664
Jena,Transformer,0.6989026327712564,0.03250482236278239,0.6682793295289804,0.7519118104574477,1.0616002522223222,0.026610166751891092,1.0293437501006344,1.099683898592604,1.1275615762981492,0.056677645276506206,1.0595485558712374,1.2093046768238287,0.9108628088986945,0.004480541200038232,0.9044007668018964,0.9162394461720877,12115576.743101006,2155680.1099672285,10639441.386077903,15852285.645614654,33.899606134027685,0.9991036664168369,32.41783030009379,35.20688655212518,18.387205441538516,0.8551589572002768,17.581546768052657,19.781806913474913,4.417665867877768,0.205458439502675,4.224100247787523,4.752729471830737,4.464728340285684,0.1119132793988967,4.329068501396512,4.624895159099897,0.43297653198242186,0.034040204758798494,0.39949893951416016,0.4835388660430908,1.665207850933075,0.07133030791230217,1.6073187768459314,1.789203906059265,6.934527397155762,0.32588850471981395,6.486704349517822,7.204206943511963,0.0623947969019827,0.12343942543184214,-0.02451338451500568,0.27220117641095487,0.9575449572393551,0.0013852720247256854,0.955917430320113,0.9591666122794289,0.9577601360896277,0.0017686289398590846,0.9546106280137266,0.958738194292739,0.6162666666666666,0.016936810666579337,0.5933333333333334,0.639,29.299037647247314,6.30847192046272,21.23851728439331,36.380677938461304,0.11933986097574234,0.006208254503745924,0.1125154085457325,0.12711482122540474,274712.0,0.0,274712,274712
