dataset,comparison,n_pairs,MASE_mean_CeNN_NS,MASE_mean_other,MASE_delta_CeNN_minus_other,MASE_cohen_d_paired,MASE_wilcoxon_p,RMSE_mean_CeNN_NS,RMSE_mean_other,RMSE_delta_CeNN_minus_other,RMSE_cohen_d_paired,RMSE_wilcoxon_p,MAE_mean_CeNN_NS,MAE_mean_other,MAE_delta_CeNN_minus_other,MAE_cohen_d_paired,MAE_wilcoxon_p
Energy,CeNN_NS vs Persistence,5,1.7176193968797673,4.919672323039737,-3.2020529261599693,-107.41992257115055,0.0625,2629.4421361563927,7057.022142274711,-4427.580006118318,-119.04917776842346,0.0625,1865.9775142632382,5344.605416666666,-3478.627902403429,-107.4199225747515,0.0625
Energy,CeNN_NS vs MovingAverage,5,1.7176193968797673,4.460129376171919,-2.7425099792921515,-92.0035416089974,0.0625,2629.4421361563927,6224.312575452405,-3594.8704392960126,-96.659206471889,0.0625,1865.9775142632382,4845.369784342448,-2979.39227007921,-92.00354161208156,0.0625
Energy,CeNN_NS vs MLP,5,1.7176193968797673,1.708653986774554,0.008965410105213146,0.25642339432142813,1.0,2629.4421361563927,2614.9892801219926,14.452856034400066,0.39616080010036164,0.625,1865.9775142632382,1856.2377234266492,9.739790836588508,0.25642339432875727,1.0
Energy,CeNN_NS vs LSTM,5,1.7176193968797673,1.7638503566448758,-0.04623095976510849,-1.3096109331903572,0.0625,2629.4421361563927,2716.318098019799,-86.87596186340616,-2.4477534736097692,0.0625,1865.9775142632382,1916.2016393174913,-50.22412505425355,-1.3096109332274208,0.0625
Energy,CeNN_NS vs Transformer,5,1.7176193968797673,1.8003304038011692,-0.08271100692140183,-2.688176375191873,0.0625,2629.4421361563927,2756.8468737467792,-127.40473759038677,-2.4103629415714756,0.0625,1865.9775142632382,1955.832623828125,-89.85510956488716,-2.6881763752791556,0.0625
Energy,CeNN_NS vs N-HiTS,5,1.7176193968797673,1.7193025285019132,-0.0016831316221461278,-0.043210922811490304,1.0,2629.4421361563927,2636.7054541029243,-7.263317946531697,-0.1612357651418232,0.8125,1865.9775142632382,1867.8060251464842,-1.8285108832465085,-0.04321092281259696,1.0
Energy,CeNN_NS vs N-BEATS,5,1.7176193968797673,1.7376056992365256,-0.019986302356758488,-0.5944778187870269,0.3125,2629.4421361563927,2653.8548733992657,-24.4127372428733,-0.4504356906341787,0.625,1865.9775142632382,1887.6901188476563,-21.712604584418433,-0.5944778188046921,0.3125
Energy,CeNN_NS vs QELM,5,1.7176193968797673,1.7502583273823646,-0.03263893050259736,-0.7456581775111311,0.3125,2629.4421361563927,2827.4447416003286,-198.00260544393586,-2.0312738266208332,0.0625,1865.9775142632382,1901.4356084825304,-35.458094219292526,-0.7456581775281507,0.3125
Energy,CeNN_NS vs CeNN_Emulator,5,1.7176193968797673,1.6965106485373678,0.021108748342399553,0.5637415879991392,0.3125,2629.4421361563927,2611.2968195647322,18.145316591660777,0.33122500347615874,0.625,1865.9775142632382,1843.0455132432726,22.932001019965263,0.5637415880141802,0.3125
AAPL,CeNN_NS vs Persistence,5,0.7978580854758432,1.1311578803118274,-0.3332997948359842,-272.0786280642362,0.0625,0.01842833140741077,0.025598364315850587,-0.007170032908439814,-364.6207092722547,0.0625,0.013251379764371555,0.018787053635652362,-0.005535673871280807,-272.07861491366475,0.0625
AAPL,CeNN_NS vs MovingAverage,5,0.7978580854758432,0.8169564268812131,-0.01909834140536999,-15.590320211365633,0.0625,0.01842833140741077,0.018763142365230138,-0.00033481095781936684,-17.026282929402157,0.0625,0.013251379764371555,0.01356857824796058,-0.00031719848358902487,-15.590319457827547,0.0625
AAPL,CeNN_NS vs MLP,5,0.7978580854758432,0.7937516212936365,0.004106464182206682,3.4421887461363716,0.0625,0.01842833140741077,0.018379164024965606,4.916738244516647e-05,3.2722326289710355,0.0625,0.013251379764371555,0.013183176762662605,6.820300170895174e-05,3.4421885752952868,0.0625
AAPL,CeNN_NS vs LSTM,5,0.7978580854758432,0.7896113822905465,0.008246703185296656,6.390368705389499,0.0625,0.01842833140741077,0.018355184684986488,7.314672242428183e-05,3.565564717750112,0.0625,0.013251379764371555,0.013114412805332414,0.00013696695903914202,6.390368412190635,0.0625
AAPL,CeNN_NS vs Transformer,5,0.7978580854758432,0.7923742400022682,0.005483845473574922,3.0405565124971616,0.0625,0.01842833140741077,0.018400086902564203,2.824450484656682e-05,1.5137413023271526,0.0625,0.013251379764371555,0.013160300260055782,9.107950431577264e-05,3.040556412678462,0.0625
AAPL,CeNN_NS vs N-HiTS,5,0.7978580854758432,0.7924755734763355,0.0053825119995077,3.3405859596734793,0.0625,0.01842833140741077,0.018354019158729994,7.431224868077319e-05,3.2310595042385963,0.0625,0.013251379764371555,0.013161983276587361,8.93964877841956e-05,3.340585836915099,0.0625
AAPL,CeNN_NS vs N-BEATS,5,0.7978580854758432,0.7983201808086601,-0.00046209533281680313,-0.3358183243730467,0.4375,0.01842833140741077,0.018413144594508803,1.5186812901971102e-05,0.651169243455474,0.3125,0.013251379764371555,0.013259054563755016,-7.674799383461036e-06,-0.335818309923057,0.4375
AAPL,CeNN_NS vs QELM,5,0.7978580854758432,1.4770114040629394,-0.6791533185870964,-53.82621066152936,0.0625,0.01842833140741077,0.032940890019674485,-0.014512558612263715,-50.039047757265706,0.0625,0.013251379764371555,0.024531228532794325,-0.011279848768422768,-53.826210408942636,0.0625
AAPL,CeNN_NS vs CeNN_Emulator,5,0.7978580854758432,0.7984485516028532,-0.0005904661270100586,-0.8419501026562766,0.1875,0.01842833140741077,0.018432613581742877,-4.282174332104899e-06,-0.21189588903834713,0.8125,0.013251379764371555,0.013261186634828151,-9.806870456594354e-06,-0.8419500315727999,0.1875
Jena,CeNN_NS vs Persistence,5,4.856549192192652,4.968463082138345,-0.11191388994569333,-0.3026627968153042,0.625,1.1341859030077064,1.3113024089031908,-0.17711650589548453,-3.2166428916231626,0.0625,0.7683367457206878,0.7860422297174422,-0.017705483996754378,-0.30266279681094954,0.625
Jena,CeNN_NS vs MovingAverage,5,4.856549192192652,6.543771488974481,-1.6872222967818296,-4.562967290663646,0.0625,1.1341859030077064,1.6194410334260205,-0.4852551304183139,-8.812800692922512,0.0625,0.7683367457206878,1.0352659659375334,-0.26692922021684556,-4.562967290597987,0.0625
Jena,CeNN_NS vs MLP,5,4.856549192192652,4.678346353152868,0.17820283903978318,0.3922707264949131,0.625,1.1341859030077064,1.1367263628471524,-0.002540459839446152,-0.0401541847269082,1.0,0.7683367457206878,0.740143931438867,0.02819281428182081,0.3922707264903179,0.625
Jena,CeNN_NS vs LSTM,5,4.856549192192652,4.826840200416008,0.029708991776644034,0.1312613265660061,0.625,1.1341859030077064,1.1720591088769887,-0.03787320586928229,-3.554261726592324,0.0625,0.7683367457206878,0.7636365956435498,0.004700150077138088,0.1312613265629195,0.625
Jena,CeNN_NS vs Transformer,5,4.856549192192652,4.417665867877768,0.43888332431488275,0.9365150891533498,0.125,1.1341859030077064,1.0616002522223222,0.07258565078538401,1.1079732751046656,0.0625,0.7683367457206878,0.6989026327712565,0.06943411294943133,0.9365150891427158,0.125
Jena,CeNN_NS vs N-HiTS,5,4.856549192192652,4.678950023147524,0.17759916904512707,0.572779188003427,0.3125,1.1341859030077064,1.1337914702160603,0.00039443279164608214,0.008200024203600666,1.0,0.7683367457206878,0.7402394358435025,0.02809730987718535,0.5727791879935974,0.3125
Jena,CeNN_NS vs N-BEATS,5,4.856549192192652,4.72585667101243,0.13069252118022182,0.3062583447544747,0.625,1.1341859030077064,1.1418637641457834,-0.00767786113807718,-0.15091814064652945,1.0,0.7683367457206878,0.7476603636971986,0.020676382023489294,0.3062583447506557,0.625
Jena,CeNN_NS vs QELM,5,4.856549192192652,21.777753771648143,-16.92120457945549,-1.4981663711333344,0.0625,1.1341859030077064,7.047045441768392,-5.912859538760687,-1.6267132392835069,0.0625,0.7683367457206878,3.445378148112622,-2.6770414023919344,-1.4981663711326287,0.0625
Jena,CeNN_NS vs CeNN_Emulator,5,4.856549192192652,5.483120001024047,-0.6265708088313957,-0.44957214359370296,0.625,1.1341859030077064,1.221327486565966,-0.08714158355825959,-0.43007013019666723,0.625,0.7683367457206878,0.8674642037509734,-0.09912745803028551,-0.4495721435919867,0.625
ETTh1,CeNN_NS vs Persistence,5,1.9258257670513408,2.10728124036996,-0.18145547331861897,-6.388901152542125,0.0625,1.8105014623712035,1.9883255375888802,-0.17782407521767657,-12.650554165425444,0.0625,1.3323420493863405,1.4578782018929404,-0.12553615250659997,-6.388901152441904,0.0625
ETTh1,CeNN_NS vs MovingAverage,5,1.9258257670513408,2.180383585269055,-0.25455781821771406,-8.962775872536243,0.0625,1.8105014623712035,2.023671105250257,-0.21316964287905377,-15.165067555474634,0.0625,1.3323420493863405,1.5084525215869458,-0.17611047220060536,-8.962775872395655,0.0625
ETTh1,CeNN_NS vs MLP,5,1.9258257670513408,1.9277611955179208,-0.0019354284665797027,-0.018580191880999176,1.0,1.8105014623712035,1.8260942311387118,-0.015592768767508458,-0.2598058518972273,0.8125,1.3323420493863405,1.3336810348614137,-0.0013389854750732511,-0.018580191880920305,1.0
ETTh1,CeNN_NS vs LSTM,5,1.9258257670513408,1.9195472831188873,0.0062784839324537154,0.07408424974530521,1.0,1.8105014623712035,1.8242301589482968,-0.01372869657709339,-0.24007492866029967,0.8125,1.3323420493863405,1.3279984123384196,0.004343637047920757,0.07408424974491601,1.0
ETTh1,CeNN_NS vs Transformer,5,1.9258257670513408,1.988086882279355,-0.06226111522801396,-0.7683768591934774,0.1875,1.8105014623712035,1.864361947785945,-0.053860485414741754,-1.0032375015661934,0.0625,1.3323420493863405,1.3754160923653074,-0.043074042978966845,-0.7683768591892534,0.1875
ETTh1,CeNN_NS vs N-HiTS,5,1.9258257670513408,1.9443635034155613,-0.018537736364220514,-0.26130304377569236,0.625,1.8105014623712035,1.8309476860265843,-0.02044622365538067,-0.5530878271259808,0.4375,1.3323420493863405,1.3451669923697886,-0.012824942983448384,-0.261303043774051,0.625
ETTh1,CeNN_NS vs N-BEATS,5,1.9258257670513408,1.9452372660961323,-0.019411499044791468,-0.29001990845294057,0.8125,1.8105014623712035,1.8276037488590304,-0.017102286487826968,-0.38233849268998527,0.4375,1.3323420493863405,1.3457714867017407,-0.013429437315400162,-0.29001990845101017,0.8125
ETTh1,CeNN_NS vs QELM,5,1.9258257670513408,1.859265719094834,0.06656004795650676,2.334895227581142,0.0625,1.8105014623712035,1.8115700404404627,-0.0010685780692592406,-0.06281009610598155,0.8125,1.3323420493863405,1.2862938802223118,0.04604816916402865,2.334895227544652,0.0625
ETTh1,CeNN_NS vs CeNN_Emulator,5,1.9258257670513408,1.908415672056534,0.017410094994807102,0.2980189962689204,0.625,1.8105014623712035,1.7977273129369695,0.012774149434233805,0.47367891702233905,0.4375,1.3323420493863405,1.3202972413656708,0.012044808020669606,0.2980189962666485,0.625
ETTm2,CeNN_NS vs Persistence,5,13.167443853450655,11.569015358770471,1.5984284946801837,0.2690135260797284,0.8125,3.779003262872223,3.710164489208954,0.06883877366326932,0.04977766503106165,0.625,2.9635392906983697,2.603787944873174,0.35975134582519547,0.26901352607957235,0.8125
ETTm2,CeNN_NS vs MovingAverage,5,13.167443853450655,15.63101246744954,-2.4635686139988855,-0.4146155313152062,0.625,3.779003262872223,4.629183097129695,-0.850179834257472,-0.6147693335276955,0.3125,2.9635392906983697,3.5180039585696328,-0.5544646678712633,-0.414615531314966,0.625
ETTm2,CeNN_NS vs MLP,5,13.167443853450655,6.341162541430433,6.826281312020223,1.1116931410857334,0.0625,3.779003262872223,2.1830109932383763,1.5959922696338464,1.1138859564424324,0.0625,2.9635392906983697,1.427177859984504,1.5363614307138653,1.1116931410851099,0.0625
ETTm2,CeNN_NS vs LSTM,5,13.167443853450655,8.754049694243799,4.413394159206858,0.7561011104040678,0.0625,3.779003262872223,3.1106075274641096,0.6683957354081131,0.5030760241147427,0.3125,2.9635392906983697,1.9702358719242945,0.9933034187740748,0.7561011104036215,0.0625
ETTm2,CeNN_NS vs Transformer,5,13.167443853450655,9.961485296321554,3.205958557129102,0.5793665751656238,0.3125,3.779003262872223,3.167814081476808,0.6111891813954151,0.461095524084629,0.3125,2.9635392906983697,2.241988148795234,0.7215511419031356,0.5793665751652632,0.3125
ETTm2,CeNN_NS vs N-HiTS,5,13.167443853450655,6.494349300441167,6.673094553009489,1.1522256707397043,0.0625,3.779003262872223,2.232413099033523,1.5465901638386998,1.161552760200911,0.0625,2.9635392906983697,1.461654937251409,1.5018843534469606,1.152225670739019,0.0625
ETTm2,CeNN_NS vs N-BEATS,5,13.167443853450655,6.853594513405295,6.313849340045361,1.0713259057472784,0.0625,3.779003262872223,2.3474588281297,1.431544434742523,1.040348025896208,0.0625,2.9635392906983697,1.5425086940977308,1.4210305966006387,1.0713259057466524,0.0625
ETTm2,CeNN_NS vs QELM,5,13.167443853450655,535.1559193025143,-521.9884754490636,-0.5171650893620583,0.0625,3.779003262872223,275.91332981422886,-272.1343265513566,-0.518714783049037,0.0625,2.9635392906983697,120.445214056272,-117.48167476557364,-0.5171650893620566,0.0625
ETTm2,CeNN_NS vs CeNN_Emulator,5,13.167443853450655,15.374266660275381,-2.206822806824727,-0.34275988578175776,1.0,3.779003262872223,4.400353509661386,-0.6213502467891625,-0.3625735112116493,1.0,2.9635392906983697,3.4602192969640093,-0.49668000626564013,-0.3427598857815745,1.0
ExchangeRate,CeNN_NS vs Persistence,5,8.249853464005465,3.598218646854119,4.651634817151347,0.7563781957718678,0.0625,0.03234936633200529,0.014518145351341466,0.017831220980663823,0.721232336939243,0.0625,0.025336872051255475,0.011050815128481176,0.014286056922774303,0.756378195731944,0.0625
ExchangeRate,CeNN_NS vs MovingAverage,5,8.249853464005465,4.120046346035607,4.129807117969857,0.6715265018780654,0.0625,0.03234936633200529,0.016085499356682034,0.01626386697532325,0.6578364318966945,0.0625,0.025336872051255475,0.012653447430333373,0.012683424620922108,0.6715265018426205,0.0625
ExchangeRate,CeNN_NS vs MLP,5,8.249853464005465,4.0702434054053445,4.179610058600121,0.6946751594912279,0.0625,0.03234936633200529,0.0159232759240959,0.016426090407909388,0.6769839066667068,0.0625,0.025336872051255475,0.012500493109383217,0.012836378941872261,0.6946751594537492,0.0625
ExchangeRate,CeNN_NS vs LSTM,5,8.249853464005465,4.932769444954525,3.3170840190509403,0.5583432531364766,0.125,0.03234936633200529,0.0191961265505101,0.013153239781495185,0.5493096972568292,0.125,0.025336872051255475,0.015149474936791741,0.010187397114463741,0.5583432531059693,0.125
ExchangeRate,CeNN_NS vs Transformer,5,8.249853464005465,6.2047025003072305,2.0451509636982346,0.3290733393280155,0.8125,0.03234936633200529,0.02525004285414729,0.0070993234778579965,0.2857660179982081,0.8125,0.025336872051255475,0.019055823724905514,0.0062810483263499705,0.32907333931082794,0.8125
ExchangeRate,CeNN_NS vs N-HiTS,5,8.249853464005465,3.95056779730704,4.299285666698426,0.6980274273558168,0.0625,0.03234936633200529,0.015505888685750344,0.016843477646254944,0.6801318057690361,0.0625,0.025336872051255475,0.01213294651194696,0.01320392553930852,0.6980274273190287,0.0625
ExchangeRate,CeNN_NS vs N-BEATS,5,8.249853464005465,3.9319846182740767,4.317868845731388,0.7020243219109884,0.0625,0.03234936633200529,0.01552549321260938,0.01682387311939591,0.6809536973167561,0.0625,0.025336872051255475,0.012075874027990968,0.013260998023264511,0.702024321873938,0.0625
ExchangeRate,CeNN_NS vs QELM,5,8.249853464005465,230.34643493317222,-222.09658146916672,-0.8865210666244432,0.0625,0.03234936633200529,1.4690459065544086,-1.4366965402224037,-0.932513644526815,0.0625,0.025336872051255475,0.7074377956927991,-0.6821009236415436,-0.8865210666232944,0.0625
ExchangeRate,CeNN_NS vs CeNN_Emulator,5,8.249853464005465,8.078797707623824,0.17105575638164083,0.10350049481802363,0.625,0.03234936633200529,0.03233143464764907,1.7931684356216337e-05,0.003117626332248452,0.625,0.025336872051255475,0.02481152722761929,0.0005253448236361896,0.10350049479769508,0.625
