dataset,seed,layers,alpha,label,val_rmse,val_mase,naive_val_rmse,naive_val_mase,ratio_to_naive,rank,teacher_reliable
energy,42,3,0.0001,L3_a0.0001,1.0172466039657593,2.018023729324341,0.5365511178970337,1.0027934312820435,2.0124022220053375,1,False
energy,42,3,0.001,L3_a0.001,1.0172466039657593,2.018023729324341,0.5365511178970337,1.0027934312820435,2.0124022220053375,2,False
energy,42,3,0.01,L3_a0.01,1.0172467231750488,2.018024206161499,0.5365511178970337,1.0027934312820435,2.012402697514194,3,False
energy,42,3,0.1,L3_a0.1,1.0172477960586548,2.0180270671844482,0.5365511178970337,1.0027934312820435,2.0124055505673355,4,False
energy,42,1,0.0001,L1_a0.0001,1.0297890901565552,2.050520896911621,0.5365511178970337,1.0027934312820435,2.0448088638654993,5,False
energy,42,1,0.001,L1_a0.001,1.0297890901565552,2.050520896911621,0.5365511178970337,1.0027934312820435,2.0448088638654993,6,False
energy,42,1,0.01,L1_a0.01,1.0297892093658447,2.0505213737487793,0.5365511178970337,1.0027934312820435,2.0448093393743565,7,False
energy,42,1,0.1,L1_a0.1,1.0297913551330566,2.0505270957946777,0.5365511178970337,1.0027934312820435,2.044815045480639,8,False
energy,42,4,0.0001,L4_a0.0001,1.0316922664642334,2.070873498916626,0.5365511178970337,1.0027934312820435,2.0651047706495964,9,False
energy,42,4,0.001,L4_a0.001,1.0316922664642334,2.070873498916626,0.5365511178970337,1.0027934312820435,2.0651047706495964,10,False
energy,42,4,0.01,L4_a0.01,1.0316925048828125,2.070873737335205,0.5365511178970337,1.0027934312820435,2.0651050084040246,11,False
energy,42,4,0.1,L4_a0.1,1.0316942930221558,2.0708792209625244,0.5365511178970337,1.0027934312820435,2.065110476755879,12,False
energy,42,2,0.0001,L2_a0.0001,1.0912532806396484,2.203108549118042,0.5365511178970337,1.0027934312820435,2.196971460315041,13,False
energy,42,2,0.001,L2_a0.001,1.091253399848938,2.203108549118042,0.5365511178970337,1.0027934312820435,2.196971460315041,14,False
energy,42,2,0.01,L2_a0.01,1.0912537574768066,2.2031097412109375,0.5365511178970337,1.0027934312820435,2.1969726490871833,15,False
energy,42,2,0.1,L2_a0.1,1.0912586450576782,2.2031209468841553,0.5365511178970337,1.0027934312820435,2.1969838235453203,16,False
aapl,42,1,0.0001,L1_a0.0001,0.0,0.0,0.0,0.0,0.0,1,True
aapl,42,1,0.001,L1_a0.001,0.0,0.0,0.0,0.0,0.0,2,True
aapl,42,1,0.01,L1_a0.01,0.0,0.0,0.0,0.0,0.0,3,True
aapl,42,1,0.1,L1_a0.1,0.0,0.0,0.0,0.0,0.0,4,True
aapl,42,2,0.0001,L2_a0.0001,0.0,0.0,0.0,0.0,0.0,5,True
aapl,42,2,0.001,L2_a0.001,0.0,0.0,0.0,0.0,0.0,6,True
aapl,42,2,0.01,L2_a0.01,0.0,0.0,0.0,0.0,0.0,7,True
aapl,42,2,0.1,L2_a0.1,0.0,0.0,0.0,0.0,0.0,8,True
aapl,42,3,0.0001,L3_a0.0001,0.0,0.0,0.0,0.0,0.0,9,True
aapl,42,3,0.001,L3_a0.001,0.0,0.0,0.0,0.0,0.0,10,True
aapl,42,3,0.01,L3_a0.01,0.0,0.0,0.0,0.0,0.0,11,True
aapl,42,3,0.1,L3_a0.1,0.0,0.0,0.0,0.0,0.0,12,True
aapl,42,4,0.0001,L4_a0.0001,0.0,0.0,0.0,0.0,0.0,13,True
aapl,42,4,0.001,L4_a0.001,0.0,0.0,0.0,0.0,0.0,14,True
aapl,42,4,0.01,L4_a0.01,0.0,0.0,0.0,0.0,0.0,15,True
aapl,42,4,0.1,L4_a0.1,0.0,0.0,0.0,0.0,0.0,16,True
jena,42,3,0.0001,L3_a0.0001,1.0272001028060913,2.0660669803619385,0.5365803837776184,1.011016845703125,2.043553467128498,1,False
jena,42,3,0.001,L3_a0.001,1.0272001028060913,2.0660669803619385,0.5365803837776184,1.011016845703125,2.043553467128498,2,False
jena,42,3,0.01,L3_a0.01,1.0272003412246704,2.0660672187805176,0.5365803837776184,1.011016845703125,2.043553702949078,3,False
jena,42,3,0.1,L3_a0.1,1.027201771736145,2.0660715103149414,0.5365803837776184,1.011016845703125,2.0435579477195205,4,False
jena,42,1,0.0001,L1_a0.0001,1.0450661182403564,2.1169497966766357,0.5365803837776184,1.011016845703125,2.0938818237043075,5,False
jena,42,1,0.001,L1_a0.001,1.0450661182403564,2.116950035095215,0.5365803837776184,1.011016845703125,2.0938820595248875,6,False
jena,42,1,0.01,L1_a0.01,1.0450663566589355,2.116950511932373,0.5365803837776184,1.011016845703125,2.093882531166048,7,False
jena,42,1,0.1,L1_a0.1,1.0450682640075684,2.1169559955596924,0.5365803837776184,1.011016845703125,2.0938879550393916,8,False
jena,42,4,0.0001,L4_a0.0001,1.047754168510437,2.1470987796783447,0.5365803837776184,1.011016845703125,2.1237022793473996,9,False
jena,42,4,0.001,L4_a0.001,1.047754168510437,2.1470987796783447,0.5365803837776184,1.011016845703125,2.1237022793473996,10,False
jena,42,4,0.01,L4_a0.01,1.0477544069290161,2.147099494934082,0.5365803837776184,1.011016845703125,2.12370298680914,11,False
jena,42,4,0.1,L4_a0.1,1.047756552696228,2.1471047401428223,0.5365803837776184,1.011016845703125,2.1237081748619033,12,False
jena,42,2,0.0001,L2_a0.0001,1.1493725776672363,2.382556915283203,0.5365803837776184,1.011016845703125,2.3565946753599567,13,False
jena,42,2,0.001,L2_a0.001,1.1493725776672363,2.382556915283203,0.5365803837776184,1.011016845703125,2.3565946753599567,14,False
jena,42,2,0.01,L2_a0.01,1.1493728160858154,2.3825573921203613,0.5365803837776184,1.011016845703125,2.356595147001117,15,False
jena,42,2,0.1,L2_a0.1,1.149375319480896,2.382564067840576,0.5365803837776184,1.011016845703125,2.356601749977361,16,False
mackey_glass,42,3,0.0001,L3_a0.0001,0.7390549182891846,0.5259659886360168,1.3829929828643799,0.9960069060325623,0.5280746402965418,1,True
mackey_glass,42,3,0.001,L3_a0.001,0.7390549182891846,0.5259660482406616,1.3829929828643799,0.9960069060325623,0.5280747001401478,2,True
mackey_glass,42,3,0.01,L3_a0.01,0.7390549778938293,0.5259661078453064,1.3829929828643799,0.9960069060325623,0.5280747599837536,3,True
mackey_glass,42,3,0.1,L3_a0.1,0.7390551567077637,0.5259665250778198,1.3829929828643799,0.9960069060325623,0.528075178888995,4,True
mackey_glass,42,2,0.1,L2_a0.1,0.7771121859550476,0.5562477111816406,1.3829929828643799,0.9960069060325623,0.5584777653775177,5,True
mackey_glass,42,2,0.0001,L2_a0.0001,0.7771121859550476,0.5562479496002197,1.3829929828643799,0.9960069060325623,0.5584780047519414,6,True
mackey_glass,42,2,0.001,L2_a0.001,0.7771121859550476,0.5562479496002197,1.3829929828643799,0.9960069060325623,0.5584780047519414,7,True
mackey_glass,42,2,0.01,L2_a0.01,0.7771121859550476,0.5562479496002197,1.3829929828643799,0.9960069060325623,0.5584780047519414,8,True
mackey_glass,42,4,0.0001,L4_a0.0001,0.7773297429084778,0.5602343082427979,1.3829929828643799,0.9960069060325623,0.5624803451156816,9,True
mackey_glass,42,4,0.001,L4_a0.001,0.7773297429084778,0.5602343082427979,1.3829929828643799,0.9960069060325623,0.5624803451156816,10,True
mackey_glass,42,4,0.01,L4_a0.01,0.7773297429084778,0.5602344274520874,1.3829929828643799,0.9960069060325623,0.5624804648028934,11,True
mackey_glass,42,4,0.1,L4_a0.1,0.7773298025131226,0.5602351427078247,1.3829929828643799,0.9960069060325623,0.5624811829261644,12,True
mackey_glass,42,1,0.1,L1_a0.1,0.8303624391555786,0.606369137763977,1.3829929828643799,0.9960069060325623,0.6088001339060526,13,True
mackey_glass,42,1,0.01,L1_a0.01,0.8303623795509338,0.6063693165779114,1.3829929828643799,0.9960069060325623,0.6088003134368704,14,True
mackey_glass,42,1,0.0001,L1_a0.0001,0.8303623795509338,0.6063693761825562,1.3829929828643799,0.9960069060325623,0.6088003732804763,15,True
mackey_glass,42,1,0.001,L1_a0.001,0.8303623795509338,0.6063693761825562,1.3829929828643799,0.9960069060325623,0.6088003732804763,16,True
